Vin_V;Fsw_kHz;Vout_mean_V;Vout_max_steady_V;Vout_min_steady_V;Ripple_percent;Overshoot_percent;Static_error_V;Static_error_percent
255.0;150.0;29.299221;29.767302;29.043493;2.470401;30.80005645751953;1.299221;4.640075
255.0;155.0;28.685442;29.120956;28.40906;2.481736;43.259525299072266;0.685442;2.448007
255.0;170.0;27.145636;27.442333;26.890299;2.0336027;50.20899200439453;0.8543644;3.0513015
255.0;179.0;26.42239;26.642662;26.15005;1.8643764;61.38235855102539;1.57761;5.6343217
255.0;180.0;26.341648;26.560263;26.071526;1.8553779;61.635292053222656;1.6583519;5.922685
255.0;185.0;25.939672;26.146887;25.661041;1.8729826;62.85991668701172;2.0603275;7.3583126
255.0;190.0;25.545925;25.747425;25.265068;1.8881956;62.14186477661133;2.4540749;8.764553
255.0;195.0;25.17752;25.37966;24.898333;1.9117333;59.80148315429688;2.8224792;10.080283
255.0;200.0;24.817266;25.010885;24.524006;1.9618573;54.52127456665039;3.1827335;11.366905
255.0;205.0;24.441885;24.648699;24.143766;2.0658488;46.68774032592773;3.558115;12.707554
255.0;210.0;24.074747;24.273327;23.794596;1.9885199;37.36090087890625;3.925253;14.018761
255.0;215.0;23.738735;23.944065;23.469196;2.0003963;27.122211456298828;4.261265;15.218803
270.0;150.0;31.083645;31.58108;30.798742;2.5168772;46.67975616455078;3.0836449;11.013018
270.0;155.0;30.42013;30.846312;30.165909;2.236686;40.10787582397461;2.4201298;8.643321
270.0;170.0;28.796534;29.098007;28.520195;2.0065339;59.43737030029297;0.7965336;2.8447628
270.0;179.0;28.03029;28.269747;27.755135;1.8359145;71.10613250732422;0.030290604;0.10818073
270.0;180.0;27.947021;28.165934;27.6692;1.7774085;71.42249298095703;0.052978516;0.18920898
270.0;185.0;27.52193;27.748009;27.211355;1.9499123;72.71400451660156;0.4780693;1.7073903
270.0;190.0;27.111254;27.315138;26.81643;1.8394897;72.12193298339844;0.88874626;3.1740937
270.0;195.0;26.711414;26.901337;26.426376;1.7781175;69.41226959228516;1.2885857;4.602092
270.0;200.0;26.325478;26.529404;26.028349;1.9033074;63.98898315429688;1.6745224;5.9804373
270.0;205.0;25.929848;26.143938;25.620272;2.0195506;55.532711029052734;2.0701523;7.393401
270.0;210.0;25.544601;25.766102;25.244843;2.040585;45.715126037597656;2.4553986;8.76928
270.0;215.0;25.190718;25.414593;24.898247;2.049747;45.351749420166016;2.8092823;10.033151
285.0;155.0;32.16688;32.639168;31.878489;2.36479;60.34203720092773;4.1668816;14.88172
285.0;170.0;30.445583;30.754797;30.17386;1.908114;68.53500366210938;2.4455833;8.734226
285.0;179.0;29.63488;29.901892;29.321827;1.9573718;80.79532623291016;1.6348801;5.838857
285.0;180.0;29.546616;29.777473;29.251026;1.7817516;81.10662078857422;1.5466156;5.5236273
285.0;185.0;29.102604;29.342066;28.78213;1.9240084;83.2046127319336;1.1026039;3.937871
285.0;190.0;28.67209;28.8985;28.342102;1.9405576;81.81089782714844;0.67209053;2.4003234
285.0;195.0;28.24216;28.47003;27.918427;1.9531201;79.08186340332031;0.2421608;0.86485994
285.0;200.0;27.846952;28.08894;27.51493;2.061299;73.26939392089844;0.15304756;0.54659843
285.0;205.0;27.419107;27.671572;27.082344;2.1489675;64.54438781738281;0.58089256;2.0746162
285.0;210.0;27.003283;27.250711;26.697815;2.0475159;54.477298736572266;0.99671745;3.5597053
285.0;215.0;26.62877;26.85056;26.331419;1.9495465;42.80317687988281;1.3712292;4.897247
260.0;150.0;29.904879;30.379103;29.63851;2.4764955;33.257118225097656;1.9048786;6.803138
260.0;155.0;29.24742;29.677952;28.997719;2.325788;45.854610443115234;1.2474194;4.455069
260.0;170.0;27.698812;27.998465;27.435804;2.0313513;53.7198600769043;0.30118752;1.0756696
260.0;179.0;26.956278;27.197552;26.663376;1.9816382;64.53458404541016;1.0437222;3.727579
260.0;180.0;26.875269;27.114256;26.592136;1.9427508;65.06050872802734;1.1247311;4.0168967
260.0;185.0;26.469786;26.689474;26.18999;1.8870006;66.23843383789062;1.5302143;5.465051
260.0;190.0;26.068617;26.277788;25.782604;1.8995407;65.54521942138672;1.9313831;6.8977966
260.0;195.0;25.69166;25.882729;25.416433;1.8149674;62.84002685546875;2.30834;8.244072
260.0;200.0;25.31281;25.514463;25.012772;1.981968;57.43090438842773;2.687189;9.597104
260.0;205.0;24.939627;25.155523;24.630192;2.106413;49.85234451293945;3.0603733;10.929905
260.0;210.0;24.569862;24.812399;24.251835;2.2815106;40.10389709472656;3.4301376;12.250491
260.0;215.0;24.214363;24.432886;23.937525;2.0457335;39.59939193725586;3.785637;13.520132
300.0;155.0;33.912136;34.397728;33.585346;2.3955486;69.1612777709961;5.912136;21.11477
300.0;170.0;32.09193;32.436886;31.79425;2.0024827;77.43173217773438;4.0919304;14.614037
300.0;179.0;31.25248;31.51002;30.936176;1.836152;90.76171875;3.2524796;11.615998
300.0;180.0;31.157183;31.419178;30.823755;1.9110289;91.7671356201172;3.1571827;11.275653
300.0;185.0;30.686487;30.927853;30.3532;1.8726538;92.59300231933594;2.6864872;9.594597
300.0;190.0;30.223833;30.437138;29.91611;1.7238995;91.68668365478516;2.223833;7.9422607
300.0;195.0;29.775925;30.000553;29.463064;1.8051125;89.00517272949219;1.7759247;6.3425884
300.0;200.0;29.339436;29.58701;28.983137;2.0582273;82.75247192382812;1.3394356;4.7836986
300.0;205.0;28.903927;29.127853;28.569326;1.9323568;73.8714370727539;0.90392685;3.22831
300.0;210.0;28.480207;28.73725;28.13784;2.1046515;62.53401565551758;0.48020744;1.7150266
255.0;179.5;26.384796142578125;26.620105743408203;26.10296058654785;1.960011959075928;61.47251129150391;1.615203857421875;5.768585205078125
255.0;197.5;24.996421813964844;25.19683837890625;24.70622444152832;1.9627366065979004;57.31888961791992;3.003578186035156;10.727065086364746
255.0;192.0;25.39600372314453;25.59165573120117;25.117225646972656;1.868129014968872;61.397254943847656;2.6039962768554688;9.299986839294434
255.0;208.0;24.21218490600586;24.39208221435547;23.94102478027344;1.8629357814788816;41.00172805786133;3.7878150939941406;13.527910232543944
270.0;179.5;27.99370574951172;28.2322998046875;27.702356338500977;1.893080711364746;71.79581451416016;0.0062942504882812;0.0224794652312994
270.0;197.5;26.51776695251465;26.72927665710449;26.218482971191406;1.9262319803237915;66.8278579711914;1.4822330474853516;5.293689250946045
270.0;160.0;29.839570999145508;30.218976974487305;29.582490921020508;2.1330268383026123;45.77825927734375;1.839570999145508;6.569896697998047
270.0;192.0;26.9487533569336;27.15992927551269;26.653223037719727;1.880258560180664;71.2432861328125;1.0512466430664062;3.754452228546143
270.0;208.0;25.690763473510746;25.920669555664062;25.379371643066406;2.106974840164185;49.728965759277344;2.309236526489258;8.247273445129395
285.0;179.5;29.59532165527344;29.84213256835937;29.288686752319336;1.870044827461243;81.31085968017578;1.5953216552734375;5.697577476501465
285.0;197.5;28.041423797607425;28.26451301574707;27.718250274658203;1.9480563402175903;76.74874877929688;0.0414237976074218;0.1479421406984329
285.0;160.0;31.539512634277344;31.93996238708496;31.25695037841797;2.1655757427215576;54.04096221923828;3.539512634277344;12.641117095947266
285.0;192.0;28.4971923828125;28.720752716064453;28.151451110839844;1.9977463483810425;81.07710266113281;0.4971923828125;1.7756869792938232
285.0;208.0;27.174427032470703;27.42416954040528;26.85587310791016;2.0912914276123047;58.33396911621094;0.8255729675292969;2.948474884033203
260.0;159.0;28.798797607421875;29.177669525146484;28.55213737487793;2.172077178955078;39.04576873779297;0.798797607421875;2.852848529815674
260.0;179.5;26.914531707763672;27.14527130126953;26.640756607055664;1.8745067119598389;64.88835144042969;1.085468292236328;3.8766722679138175
260.0;197.5;25.50672149658203;25.69362068176269;25.23723030090332;1.7892946004867554;60.768096923828125;2.4932785034179688;8.904565811157227
260.0;192.0;25.913389205932617;26.117063522338867;25.6200008392334;1.9181692600250244;64.7164306640625;2.086610794067383;7.452181816101074
260.0;208.0;24.708236694335938;24.908201217651367;24.39728355407715;2.067803144454956;44.16412734985352;3.2917633056640625;11.75629711151123
300.0;179.5;31.199237823486328;31.45429039001465;30.88267707824707;1.8321387767791748;90.9157485961914;3.199237823486328;11.425848960876465
300.0;197.5;29.567441940307617;29.80883407592773;29.23374938964844;1.944993019104004;86.28363037109375;1.5674419403076172;5.598006725311279
300.0;160.0;33.25471496582031;33.694671630859375;32.943885803222656;2.2576823234558105;61.35872650146485;5.2547149658203125;18.7668399810791
300.0;192.0;30.0527458190918;30.29879379272461;29.717016220092773;1.9358549118041992;90.81501007080078;2.052745819091797;7.331234931945801
300.0;208.0;28.65708923339844;28.93694877624512;28.27996826171875;2.292558431625366;67.10222625732422;0.6570892333984375;2.3467471599578857
280.0;179.5;29.05522918701172;29.28530502319336;28.765241622924805;1.789913296699524;77.99787902832031;1.0552291870117188;3.768675804138184
280.0;197.5;27.526968002319336;27.73722648620605;27.23374557495117;1.829046010971069;74.136474609375;0.473031997680664;1.6893999576568604
280.0;215.0;26.154083251953125;26.38385391235352;25.84455108642578;2.062021493911743;39.72989654541016;1.845916748046875;6.592559814453125
280.0;190.0;28.144775390625;28.37663459777832;27.80954933166504;2.014886379241944;78.55970001220703;0.144775390625;0.5170549750328064
280.0;192.0;27.983057022094727;28.187992095947266;27.67562484741211;1.83099102973938;77.92696380615234;0.0169429779052734;0.0605106353759765
280.0;208.0;26.68453598022461;26.89940452575684;26.376354217529297;1.960125207901001;55.958229064941406;1.3154640197753906;4.698085784912109
290.0;179.5;30.13417053222656;30.394023895263672;29.816802978515625;1.915502905845642;84.5230484008789;2.1341705322265625;7.622037887573242
290.0;197.5;28.551877975463867;28.808773040771484;28.21101760864257;2.093576669692993;79.79290771484375;0.5518779754638672;1.9709928035736084
290.0;190.0;29.18001174926757;29.40214157104492;28.86117553710937;1.85389244556427;85.15818786621094;1.180011749267578;4.214327812194824
290.0;192.0;29.009096145629883;29.218170166015625;28.704370498657227;1.771167516708374;84.33479309082031;1.0090961456298828;3.603914737701416
290.0;208.0;27.666831970214844;27.89715576171875;27.334096908569336;2.0351402759552;61.48887252807617;0.3331680297851562;1.1898858547210691
240.0;146.0;28.048757553100582;28.525684356689453;27.82246208190918;2.507142305374145;23.29432678222656;0.0487575531005859;0.1741341203451156
240.0;153.0;27.16889953613281;27.594560623168945;26.92976188659668;2.446910858154297;32.266929626464844;0.8311004638671875;2.9682159423828125
240.0;151.5;27.340694427490234;27.766881942749023;27.10633087158203;2.4159996509552;30.692115783691406;0.6593055725097656;2.3546626567840576
240.0;172.0;25.3444938659668;25.587236404418945;25.088518142700195;1.9677577018737795;44.08585739135742;2.655506134033203;9.4839506149292
240.0;186.0;24.28305053710937;24.47721672058105;24.024721145629883;1.863421440124512;52.942169189453125;3.716949462890625;13.274820327758787
240.0;209.0;22.67724227905273;22.878761291503903;22.39146614074707;2.1488289833068848;30.854145050048828;5.322757720947266;19.009849548339844
250.0;146.0;29.243757247924805;29.74602508544922;29.00014305114746;2.5505683422088623;28.50769424438477;1.243757247924805;4.441990375518799
250.0;153.0;28.32839012145996;28.744543075561523;28.0980224609375;2.282235622406006;29.429763793945312;0.3283901214599609;1.172821879386902
250.0;151.5;28.512998580932617;28.94559669494629;28.267242431640625;2.37910532951355;36.18000411987305;0.5129985809326172;1.8321378231048584
250.0;172.0;26.435880661010746;26.69057273864746;26.18280792236328;1.920741081237793;50.21680068969727;1.5641193389892578;5.5861406326293945
250.0;186.0;25.336706161499023;25.54930305480957;25.04716110229492;1.9818755388259888;60.31554412841797;2.663293838500977;9.511763572692873
250.0;209.0;23.65269660949707;23.846874237060547;23.381500244140625;1.967530369758606;36.39195251464844;4.34730339050293;15.526082992553713
245.0;146.0;28.642724990844727;29.13217544555664;28.417125701904297;2.496444702148437;26.960739135742188;0.6427249908447266;2.2954463958740234
245.0;153.0;27.75282287597656;28.16431427001953;27.515668869018555;2.337223052978516;35.1258430480957;0.2471771240234375;0.8827754259109497
245.0;151.5;27.93279266357422;28.366682052612305;27.68290138244629;2.4479496479034424;25.78671264648437;0.0672073364257812;0.2400262057781219
245.0;172.0;25.89277458190918;26.141468048095703;25.64169311523437;1.930171489715576;47.18452072143555;2.1072254180908203;7.525805473327637
245.0;186.0;24.80965805053711;25.01052665710449;24.54541015625;1.874739646911621;56.29302215576172;3.19034194946289;11.394078254699709
245.0;209.0;23.183198928833008;23.42477798461914;22.87204933166504;2.3841776847839355;33.73941802978516;4.816801071166992;17.202861785888672
265.0;146.0;31.05814743041992;31.60015106201172;30.780332565307617;2.63962459564209;41.12919235229492;3.058147430419922;10.921955108642578
265.0;153.0;30.083045959472656;30.523584365844727;29.838441848754883;2.277503728866577;37.47315979003906;2.083045959472656;7.439450263977051
265.0;151.5;30.28168487548828;30.743518829345703;30.02420234680176;2.375417470932007;44.8372688293457;2.281684875488281;8.148874282836914
265.0;172.0;28.08136940002441;28.34196853637696;27.819509506225582;1.860518336296081;59.52792739868164;0.081369400024414;0.2906050086021423
265.0;186.0;26.910823822021484;27.137699127197266;26.62510871887207;1.904774069786072;69.54644012451172;1.0891761779785156;3.889914989471436
265.0;209.0;25.12624931335449;25.32302665710449;24.84242248535156;1.912757396697998;44.85874176025391;2.873750686645508;10.263395309448242
275.0;146.0;32.2607536315918;32.79230880737305;32.01750183105469;2.4017014503479004;46.33820343017578;4.260753631591797;15.216978073120115
275.0;153.0;31.257417678833008;31.72152328491211;30.992656707763672;2.331819534301758;52.089298248291016;3.257417678833008;11.633634567260742
275.0;172.0;29.17783546447754;29.463991165161133;28.90107727050781;1.9292516708374023;66.0281982421875;1.177835464477539;4.206555366516113
275.0;186.0;27.963394165039062;28.19249725341797;27.66295051574707;1.8937140703201287;76.16377258300781;0.0366058349609375;0.1307351291179657
275.0;209.0;26.109718322753903;26.373931884765625;25.762601852416992;2.341388940811157;50.74892044067383;1.8902816772460933;6.751006126403809
295.0;146.0;34.675540924072266;35.25075149536133;34.40657043457031;2.4345145225524902;57.49393081665039;6.675540924072266;23.841217041015625
295.0;172.0;31.358842849731445;31.64564323425293;31.07186508178711;1.8297172784805296;77.9995346069336;3.3588428497314453;11.995867729187012
295.0;186.0;30.062992095947266;30.29149627685547;29.754301071166992;1.7868986129760742;89.62149047851562;2.0629920959472656;7.367829322814941
295.0;209.0;28.07159805297852;28.32176971435547;27.730443954467773;2.1064913272857666;61.9117431640625;0.0715980529785156;0.255707323551178
247.0;151.0;28.23340034484864;28.676389694213867;27.98904228210449;2.434518814086914;26.38748550415039;0.2334003448486328;0.8335726261138916
247.0;171.0;26.191049575805664;26.462549209594727;25.9316635131836;2.0269737243652344;47.47791290283203;1.808950424194336;6.460536956787109
247.0;182.0;25.33822250366211;25.52784538269043;25.08514976501465;1.7471455335617063;56.684303283691406;2.66177749633789;9.506348609924316
247.0;186.0;25.01881599426269;25.213775634765625;24.752593994140625;1.843339204788208;57.9472541809082;2.9811840057373047;10.647086143493652
247.0;213.0;23.085887908935547;23.281110763549805;22.812965393066406;2.0278422832489014;26.685688018798828;4.914112091064453;17.550399780273438
257.0;151.0;29.4231014251709;29.864521026611328;29.17103385925293;2.356947898864746;38.44218826293945;1.4231014251708984;5.082505226135254
257.0;171.0;27.29427146911621;27.5770320892334;27.013690948486328;2.0639536380767822;53.11701965332031;0.7057285308837891;2.520458936691284
257.0;182.0;26.393535614013672;26.59140586853028;26.13102531433105;1.7442928552627563;63.38125991821289;1.606464385986328;5.737372875213623
257.0;186.0;26.06755447387696;26.25690269470215;25.806331634521484;1.728474497795105;64.74732971191406;1.9324455261230469;6.901591300964356
257.0;213.0;24.05452346801757;24.249135971069336;23.766420364379883;2.006756067276001;32.32114028930664;3.945476531982422;14.090988159179688
287.0;151.0;32.937931060791016;33.44279479980469;32.67433166503906;2.333064317703247;56.930702209472656;4.937931060791016;17.635467529296875
287.0;171.0;30.57584953308105;30.875307083129883;30.29958915710449;1.8829172849655151;71.74363708496094;2.5758495330810547;9.199462890625
287.0;182.0;29.580528259277344;29.827512741088867;29.27394294738769;1.871399164199829;83.40444946289062;1.5805282592773438;5.644743919372559
287.0;186.0;29.22284698486328;29.48820686340332;28.89968681335449;2.013903856277466;84.53498840332031;1.2228469848632812;4.367310523986816
287.0;213.0;26.9824333190918;27.230710983276367;26.65007209777832;2.151914596557617;48.17989730834961;1.0175666809082031;3.634166717529297
267.0;151.0;30.593402862548828;31.08783912658692;30.316198348999023;2.522245645523072;45.485633850097656;2.593402862548828;9.262152671813965
267.0;171.0;28.386404037475582;28.66085624694824;28.123937606811523;1.8914642333984373;59.05781936645508;0.3864040374755859;1.380014419555664
267.0;182.0;27.45736694335937;27.685009002685547;27.16807746887207;1.8826696872711184;70.15351104736328;0.542633056640625;1.9379751682281487
267.0;186.0;27.12661933898925;27.347919464111328;26.83666038513184;1.8847135305404663;71.2470474243164;0.8733806610107422;3.1192166805267334
267.0;213.0;25.043289184570312;25.25737953186035;24.742700576782227;2.05515718460083;37.524810791015625;2.9567108154296875;10.55968189239502
277.0;151.0;31.76496696472168;32.24681091308594;31.500844955444336;2.3483920097351074;51.12660598754883;3.76496696472168;13.44631004333496
277.0;160.0;30.633045196533203;31.030759811401367;30.34963607788086;2.2234933376312256;49.54695129394531;2.633045196533203;9.403733253479004
277.0;171.0;29.485811233520508;29.770523071289062;29.20949935913086;1.9026905298233032;65.103271484375;1.4858112335205078;5.306468486785889
277.0;182.0;28.51825523376465;28.76375961303711;28.2114200592041;1.9367929697036743;76.64127349853516;0.5182552337646484;1.8509116172790527
277.0;186.0;28.16562843322754;28.375707626342773;27.87429618835449;1.7802245616912842;77.72742462158203;0.165628433227539;0.5915301442146301
277.0;213.0;26.007583618164062;26.255231857299805;25.692663192749023;2.1630947589874268;49.58621597290039;1.9924163818359373;7.1157732009887695
297.0;171.0;31.67330741882324;31.97954750061035;31.37319564819336;1.9143939018249512;77.84323120117188;3.673307418823242;13.118955612182615
297.0;182.0;30.64444923400879;30.896923065185547;30.30518913269043;1.930966019630432;89.97259521484375;2.644449234008789;9.444461822509766
297.0;186.0;30.261137008666992;30.5078067779541;29.922935485839844;1.9327472448349;90.63580322265624;2.261137008666992;8.075489044189453
297.0;213.0;27.950756072998047;28.205604553222656;27.615503311157227;2.111217498779297;63.45270919799805;0.0492439270019531;0.1758711636066436
242.5;155.0;27.223234176635746;27.617271423339844;26.99651336669922;2.2802510261535645;26.402664184570312;0.7767658233642578;2.774163722991944
242.5;164.0;26.319589614868164;26.63381767272949;26.060991287231445;2.17642593383789;35.38644027709961;1.680410385131836;6.001465797424316
242.5;195.0;23.897974014282227;24.072921752929688;23.65291213989257;1.7575112581253052;51.85581970214844;4.102025985717773;14.65009307861328
242.5;170.0;25.76967430114746;26.036130905151367;25.53070831298828;1.9613076448440552;42.902305603027344;2.230325698852539;7.965449333190918
242.5;180.0;25.007020950317383;25.21581649780273;24.744617462158203;1.884266972541809;53.408729553222656;2.992979049682617;10.689210891723633
242.5;205.0;23.201047897338867;23.410932540893555;22.89554023742676;2.2214181423187256;39.10371398925781;4.798952102661133;17.139114379882812
252.0;164.0;27.38384246826172;27.69565391540528;27.12719345092773;2.075897455215454;40.48155212402344;0.6161575317382812;2.2005627155303955
252.0;195.0;24.865354537963867;25.05099296569824;24.58840751647949;1.8603613376617432;57.69728469848633;3.134645462036133;11.195162773132324
252.0;170.0;26.819089889526367;27.08247947692871;26.574499130249023;1.894099831581116;48.39947509765625;1.1809101104736328;4.217535972595215
252.0;180.0;26.02389907836914;26.25346946716309;25.74261283874512;1.963028907775879;59.48130416870117;1.97610092163086;7.057503700256348
252.0;205.0;24.127748489379883;24.33479690551757;23.85592269897461;1.984744668006897;44.937774658203125;3.872251510620117;13.829469680786133
283.0;195.0;28.03912734985352;28.25602912902832;27.732852935791016;1.8658790588378904;77.72785186767578;0.0391273498535156;0.1397405415773391
283.0;170.0;30.228281021118164;30.56040000915528;29.92462730407715;2.103238105773926;67.41393280029297;2.228281021118164;7.958146095275879
283.0;180.0;29.33038711547852;29.605749130249023;29.00268173217773;2.0561180114746094;80.67242431640625;1.3303871154785156;4.751382350921631
283.0;205.0;27.205081939697266;27.43703842163086;26.87053871154785;2.0823304653167725;63.66946029663086;0.7949180603027344;2.8389930725097656
262.5;155.0;29.55566024780273;29.969144821166992;29.29324531555176;2.286869764328003;47.45592498779297;1.5556602478027344;5.555929660797119
262.5;195.0;25.937440872192383;26.151824951171875;25.61747360229492;2.060154438018799;64.4735336303711;2.062559127807617;7.36628246307373
262.5;170.0;27.974594116210938;28.260072708129883;27.716493606567383;1.943117022514344;54.81232452392578;0.0254058837890625;0.0907353013753891
262.5;180.0;27.137094497680664;27.36247634887696;26.86890983581543;1.8187891244888303;66.90644073486328;0.8629055023193359;3.081805467605591
262.5;205.0;25.17041015625;25.38225746154785;24.87696075439453;2.007502794265747;51.19943618774414;2.82958984375;10.105677604675291
272.5;155.0;30.70110893249512;31.141714096069336;30.441530227661133;2.280646800994873;53.27020263671875;2.701108932495117;9.646817207336426
272.5;164.0;29.68721580505371;30.026979446411133;29.412185668945312;2.07090425491333;52.67878723144531;1.687215805053711;6.025770664215088
272.5;195.0;26.968738555908203;27.17951774597168;26.65509414672852;1.9445611238479608;70.95516967773438;1.0312614440917969;3.6830763816833496
272.5;170.0;29.075319290161133;29.37334251403809;28.814054489135746;1.9235835075378416;61.32665252685547;1.0753192901611328;3.840425968170166
272.5;180.0;28.21494102478028;28.43556785583496;27.932937622070312;1.781432867050171;73.33760833740234;0.2149410247802734;0.7676464915275574
272.5;205.0;26.16907119750977;26.42037010192871;25.84322166442871;2.2054600715637207;57.178836822509766;1.8309288024902344;6.539031028747559
292.0;164.0;31.86997985839844;32.25532531738281;31.575220108032227;2.1339995861053467;64.2269287109375;3.8699798583984375;13.821355819702148
292.0;195.0;28.96123313903809;29.168344497680664;28.63807487487793;1.8309636116027832;83.72643280029297;0.961233139038086;3.4329752922058105
292.0;170.0;31.21405601501465;31.54380989074707;30.926820755004883;1.9766387939453125;72.65182495117188;3.2140560150146484;11.478771209716797
292.0;180.0;30.29855155944824;30.54528045654297;29.990005493164062;1.832678198814392;86.3788070678711;2.298551559448242;8.209113121032715
292.0;205.0;28.12226676940918;28.38266563415528;27.77965545654297;2.144244432449341;69.14682006835938;0.1222667694091796;0.4366670250892639
248.0;160.0;27.32486724853516;27.67318153381348;27.084077835083008;2.155925035476685;33.47752380371094;0.6751327514648438;2.4111883640289307
248.0;196.0;24.383464813232425;24.566410064697266;24.123798370361328;1.8152124881744385;54.397403717041016;3.616535186767578;12.916196823120115
248.0;197.0;24.319080352783203;24.50875473022461;24.04152107238769;1.921263694763184;53.47967147827149;3.680919647216797;13.146141052246094
248.0;181.0;25.52101325988769;25.73287773132324;25.247541427612305;1.901712417602539;57.39037322998047;2.4789867401123047;8.853524208068848
248.0;182.0;25.437725067138672;25.63359260559082;25.182350158691406;1.773910403251648;57.98684310913086;2.562274932861328;9.150981903076172
248.0;211.0;23.321582794189453;23.53024101257324;23.04177665710449;2.094473600387573;31.41464614868164;4.678417205810547;16.708633422851562
258.0;160.0;28.461456298828125;28.84133720397949;28.20409393310547;2.238969326019287;39.1571044921875;0.461456298828125;1.6480581760406494
258.0;196.0;25.404705047607425;25.62412071228028;25.099740982055664;2.0641047954559326;60.79400253295898;2.595294952392578;9.26891040802002
258.0;197.0;25.340749740600582;25.564441680908203;25.02644920349121;2.123033046722412;59.847312927246094;2.659250259399414;9.497322082519531
258.0;181.0;26.582632064819336;26.81238555908203;26.292892456054688;1.9542577266693115;64.02303314208984;1.417367935180664;5.062028408050537
258.0;182.0;26.50006675720215;26.72443389892578;26.21841049194336;1.909517526626587;64.29039764404297;1.4999332427978516;5.35690450668335
258.0;211.0;24.294925689697266;24.48891258239746;24.01669692993164;1.943680047988892;36.70212936401367;3.7050743103027344;13.23240852355957
288.0;160.0;31.88115692138672;32.30179214477539;31.58254814147949;2.2560160160064697;54.64213562011719;3.881156921386719;13.86127471923828
288.0;196.0;28.469051361083984;28.7006778717041;28.15971565246582;1.9001765251159668;80.02549743652344;0.4690513610839844;1.6751835346221924
288.0;197.0;28.40727806091309;28.625619888305664;28.08589553833008;1.8999509811401367;79.15663146972656;0.4072780609130859;1.4545644521713257
288.0;181.0;29.779624938964844;30.04085350036621;29.463258743286133;1.9395636320114136;83.79601287841797;1.7796249389648438;6.355803489685059
288.0;182.0;29.68320846557617;29.917028427124023;29.384944915771484;1.792540431022644;83.89527130126953;1.683208465576172;6.011458873748779
288.0;211.0;27.2277946472168;27.461885452270508;26.907638549804688;2.0355923175811768;53.53255844116211;0.7722053527832031;2.75787615776062
268.0;160.0;29.59903335571289;30.0042724609375;29.29874992370605;2.3835999965667725;44.60411071777344;1.5990333557128906;5.710833549499512
268.0;196.0;26.43315696716309;26.656179428100582;26.101694107055664;2.097688674926758;67.20966339111328;1.566843032836914;5.595868110656738
268.0;197.0;26.35694122314453;26.543764114379883;26.068492889404297;1.803210973739624;66.46792602539062;1.6430587768554688;5.868067264556885
268.0;181.0;27.644020080566406;27.867542266845703;27.37080955505371;1.7968902587890625;70.42342376708984;0.3559799194335937;1.2713568210601809
268.0;182.0;27.560667037963867;27.77705192565918;27.28270530700684;1.7936670780181885;70.63487243652344;0.4393329620361328;1.5690462589263916
268.0;211.0;25.27705764770508;25.50637435913086;24.971349716186523;2.1166412830352783;42.33255386352539;2.722942352294922;9.724794387817385
271.0;196.0;26.73763656616211;26.929901123046875;26.44778060913086;1.8031530380249023;69.15080261230469;1.2623634338378906;4.508440971374512
271.0;197.0;26.67040634155273;26.870540618896484;26.36627197265625;1.8907421827316284;68.19258117675781;1.3295936584472656;4.748548984527588
271.0;181.0;27.970911026000977;28.205102920532227;27.67671585083008;1.8890591859817505;72.70337677001953;0.0290889739990234;0.1038891971111297
271.0;182.0;27.881553649902344;28.113000869750977;27.58685111999512;1.8870890140533447;72.86518859863281;0.1184463500976562;0.4230226874351501
271.0;211.0;25.57843017578125;25.807287216186523;25.25895118713379;2.1437437534332275;43.8234748840332;2.42156982421875;8.648463249206543
297.0;196.0;29.3820743560791;29.61623764038086;29.05227851867676;1.9193986654281616;85.90377044677734;1.3820743560791016;4.935979843139648
297.0;197.0;29.31461524963379;29.5360050201416;28.97073554992676;1.9282854795455933;85.21428680419922;1.314615249633789;4.695054531097412
297.0;181.0;30.73749732971192;31.01690101623535;30.41595458984375;1.9550923109054563;89.29837036132812;2.737497329711914;9.776776313781738
297.0;211.0;28.1109561920166;28.34114646911621;27.773754119873047;2.0184028148651123;58.929813385009766;0.1109561920166015;0.3962721228599548
255.0;196.0;25.1007080078125;25.31290054321289;24.80529022216797;2.0222949981689453;58.69516754150391;2.8992919921875;10.3546142578125
255.0;197.0;25.04465675354004;25.26756477355957;24.71086502075196;2.222828388214112;58.092529296875;2.955343246459961;10.554797172546388
255.0;181.0;26.26884078979492;26.49513816833496;25.988719940185547;1.927828550338745;61.96953582763672;1.731159210205078;6.182711601257324
255.0;182.0;26.174293518066406;26.395130157470703;25.88770866394043;1.938625454902649;62.56576156616211;1.8257064819335933;6.520380020141602
255.0;211.0;23.9969425201416;24.176204681396484;23.7338809967041;1.8432501554489136;35.2299690246582;4.003057479858398;14.296634674072266
270.0;196.0;26.628402709960938;26.846981048583984;26.323381423950195;1.9663200378417969;68.43731689453125;1.3715972900390625;4.898561954498291
270.0;197.0;26.55524063110352;26.7484188079834;26.237462997436523;1.9241241216659544;67.49323272705078;1.4447593688964844;5.159854888916016
270.0;181.0;27.85860824584961;28.101078033447266;27.550840377807617;1.9751081466674805;71.79986572265625;0.1413917541503906;0.5049705505371094
270.0;182.0;27.77774429321289;28.00990104675293;27.48516273498535;1.8890602588653564;71.9912109375;0.2222557067871093;0.793770432472229
270.0;211.0;25.476280212402344;25.690338134765625;25.17961883544922;2.004685401916504;43.538204193115234;2.523719787597656;9.01328468322754
285.0;196.0;28.166887283325195;28.38447952270508;27.865720748901367;1.841732621192932;78.07223510742188;0.1668872833251953;0.5960260033607483
285.0;197.0;28.093162536621094;28.31518745422364;27.742929458618164;2.037001132965088;77.54696655273438;0.0931625366210937;0.3327233493328094
285.0;181.0;29.457462310791016;29.691102981567383;29.15711212158203;1.812752366065979;81.67448425292969;1.4574623107910156;5.205222606658936
285.0;182.0;29.369272232055664;29.641372680664062;29.050928115844727;2.010416030883789;81.98609924316406;1.369272232055664;4.890257835388184
285.0;211.0;26.94329643249512;27.18109703063965;26.633804321289062;2.031275987625122;51.84788131713867;1.0567035675048828;3.7739415168762207
260.0;196.0;25.61589431762696;25.80437660217285;25.328388214111328;1.8581758737564087;62.21083450317383;2.384105682373047;8.514662742614746
260.0;197.0;25.54313468933105;25.714157104492188;25.26965713500977;1.7401936054229736;61.20363998413086;2.4568653106689453;8.774518966674805
260.0;181.0;26.796140670776367;27.01040840148925;26.52801513671875;1.800234079360962;65.3403549194336;1.2038593292236328;4.299497604370117
260.0;182.0;26.70703887939453;26.91985321044922;26.42846870422364;1.8399063348770144;65.50230407714844;1.2929611206054688;4.61771821975708
260.0;211.0;24.493452072143555;24.69089126586914;24.21312713623047;1.9505789279937744;37.98736953735352;3.5065479278564453;12.523386001586914
300.0;196.0;29.68303871154785;29.93203353881836;29.339956283569336;1.994665145874024;88.06138610839844;1.6830387115478516;6.010852336883545
300.0;197.0;29.613859176635746;29.841447830200195;29.282106399536133;1.8887827396392824;86.55799865722656;1.6138591766357422;5.763782978057861
300.0;181.0;31.064096450805664;31.32789802551269;30.71384048461914;1.976743578910828;91.40089416503906;3.064096450805664;10.943202018737791
300.0;182.0;30.962139129638672;31.21763610839844;30.6355209350586;1.88008713722229;91.92330169677734;2.962139129638672;10.579068183898926
300.0;211.0;28.40668296813965;28.65140914916992;28.0754451751709;2.0275650024414062;60.105735778808594;0.4066829681396484;1.4524391889572144
251.0;156.0;28.10434913635254;28.491708755493164;27.85030746459961;2.2822136878967285;41.88227081298828;0.104349136352539;0.3726754784584045
251.0;160.0;27.67576026916504;28.03102302551269;27.43538284301757;2.152209043502808;34.82040786743164;0.3242397308349609;1.157999038696289
251.0;176.0;26.223331451416016;26.455337524414062;25.96825218200684;1.857450246810913;55.52004623413086;1.7766685485839844;6.345244407653809
251.0;150.0;28.8255672454834;29.29513359069824;28.55400276184082;2.571088552474976;29.247119903564453;0.8255672454833984;2.9484543800354004
251.0;191.0;25.06175804138184;25.24446678161621;24.789833068847656;1.8140535354614256;59.30901718139648;2.938241958618164;10.49372100830078
251.0;199.0;24.482162475585938;24.686941146850582;24.20145797729492;1.983007788658142;53.16647338867188;3.5178375244140625;12.563705444335938
251.0;212.0;23.54812431335449;23.763097763061523;23.261035919189453;2.1320672035217285;31.335857391357425;4.451875686645508;15.899555206298828
268.0;156.0;30.063730239868164;30.487417221069336;29.808666229248047;2.257707118988037;51.78766250610352;2.063730239868164;7.370465278625488
268.0;176.0;28.058040618896484;28.302505493164062;27.79756736755371;1.7996201515197754;66.53055572509766;0.0580406188964843;0.2072879374027252
268.0;150.0;30.837257385253903;31.31811714172364;30.58845901489257;2.366157531738281;44.78934097290039;2.8372573852539062;10.133062362670898
268.0;191.0;26.82207489013672;27.014318466186523;26.52617645263672;1.819926261901856;70.30192565917969;1.1779251098632812;4.206875324249268
268.0;199.0;26.22614097595215;26.46500968933105;25.869747161865234;2.269729852676392;64.05941009521484;1.7738590240478516;6.335210800170898
268.0;212.0;25.217443466186523;25.45102882385254;24.87890815734864;2.268749713897705;40.77141571044922;2.782556533813477;9.937702178955078
243.0;160.0;26.76583480834961;27.103296279907227;26.52786636352539;2.149867296218872;31.03148651123047;1.2341651916503906;4.407732963562012
243.0;176.0;25.35738754272461;25.586742401123047;25.107051849365234;1.8917192220687864;50.81803131103516;2.64261245727539;9.437901496887209
243.0;150.0;27.89324188232422;28.3425521850586;27.64236831665039;2.510227680206299;24.410329818725582;0.1067581176757812;0.3812789916992187
243.0;191.0;24.238449096679688;24.436601638793945;23.943836212158203;2.0329906940460205;53.92766571044922;3.761550903320313;13.434110641479492
243.0;199.0;23.679895401000977;23.876611709594727;23.3984317779541;2.019349813461304;48.23654556274414;4.320104598999023;15.428945541381836
243.0;212.0;22.77231979370117;22.97566604614257;22.48663902282715;2.1474623680114746;26.32143783569336;5.227680206298828;18.670286178588867
281.0;176.0;29.4647274017334;29.720155715942383;29.193904876708984;1.7860366106033323;75.10806274414062;1.4647274017333984;5.2311692237854
281.0;150.0;32.38081359863281;32.88697814941406;32.11665725708008;2.3789424896240234;52.50660705566406;4.3808135986328125;15.645763397216797
281.0;191.0;28.1657772064209;28.38077735900879;27.870649337768555;1.8111625909805296;78.76476287841797;0.1657772064208984;0.592061460018158
281.0;199.0;27.5211124420166;27.742996215820312;27.197126388549805;1.983458399772644;72.08435821533203;0.4788875579833984;1.7103126049041748
281.0;212.0;26.476560592651367;26.693553924560547;26.15050506591797;2.0510549545288086;47.34537887573242;1.5234394073486328;5.440855026245117
299.0;156.0;33.64833068847656;34.10366439819336;33.365447998046875;2.1939167976379395;69.93951416015625;5.6483306884765625;20.17260932922364
299.0;176.0;31.40792465209961;31.702259063720703;31.09897804260254;1.9207924604415887;86.2620620727539;3.4079246520996094;12.171159744262695
299.0;150.0;34.50454330444336;35.047306060791016;34.19302749633789;2.475843667984009;62.448978424072266;6.504543304443359;23.230512619018555
299.0;191.0;30.026945114135746;30.247339248657227;29.71001625061035;1.7894694805145264;90.88875579833984;2.026945114135742;7.239089965820312
299.0;199.0;29.33937263488769;29.579816818237305;28.981834411621094;2.038156747817993;83.36500549316406;1.339372634887695;4.783473491668701
299.0;212.0;28.22628593444824;28.4558162689209;27.90892791748047;1.937514305114746;65.67476654052734;0.2262859344482422;0.8081640005111694
251.0;151.0;28.7081356048584;29.153282165527344;28.466142654418945;2.393535852432251;36.45955657958984;0.7081356048583984;2.5290558338165283
251.0;161.0;27.5604305267334;27.913768768310547;27.31293296813965;2.1800668239593506;36.8371696472168;0.4395694732666015;1.5698909759521484
251.0;171.0;26.63070106506348;26.89691925048828;26.36798477172852;1.9861830472946167;50.168270111083984;1.3692989349365234;4.890353202819824
251.0;201.0;24.31855201721192;24.554731369018555;24.014368057250977;2.2220208644866943;50.53355026245117;3.681447982788086;13.148029327392578
251.0;208.0;23.82718276977539;24.043325424194336;23.5238094329834;2.1803500652313232;38.834598541259766;4.172817230224609;14.902917861938477
268.0;151.0;30.707969665527344;31.177608489990234;30.45708274841309;2.3463802337646484;38.19026947021485;2.707969665527344;9.671319961547852
268.0;161.0;29.50055503845215;29.865869522094727;29.2401065826416;2.121190309524536;46.02244186401367;1.5005550384521484;5.359125137329102
268.0;171.0;28.488012313842773;28.76288414001465;28.225011825561523;1.8880654573440552;59.72166061401367;0.4880123138427734;1.742901086807251
268.0;201.0;26.0403060913086;26.272619247436523;25.718481063842773;2.128001928329468;61.53807067871094;1.9596939086914065;6.998907089233398
268.0;208.0;25.502073287963867;25.721315383911133;25.181894302368164;2.1152048110961914;48.56582260131836;2.497926712036133;8.92116641998291
243.0;151.0;27.75961685180664;28.186635971069336;27.5284481048584;2.3710262775421143;24.17910385131836;0.2403831481933593;0.858511209487915
243.0;161.0;26.666723251342773;27.015316009521484;26.410181045532227;2.2692513465881348;31.98913955688477;1.3332767486572266;4.761702537536621
243.0;171.0;25.7505111694336;26.00252914428711;25.507476806640625;1.9224951267242432;44.55432891845703;2.2494888305664062;8.033888816833496
243.0;201.0;23.53307342529297;23.737091064453125;23.22404289245605;2.180115461349488;45.71482849121094;4.466926574707031;15.953310012817385
243.0;208.0;23.028074264526367;23.23147964477539;22.757614135742188;2.0577731132507324;34.29853057861328;4.971925735473633;17.756877899169922
281.0;171.0;29.91617774963379;30.20939445495605;29.64901161193848;1.8731765747070312;67.88307189941406;1.916177749633789;6.843491554260254
281.0;201.0;27.34710693359375;27.585617065429688;26.97059631347656;2.248942613601685;69.33167266845703;0.65289306640625;2.331760883331299
281.0;208.0;26.77676773071289;26.995059967041016;26.432954788208008;2.0992271900177;55.94239807128906;1.2232322692871094;4.368686676025391
300.0;171.0;32.008358001708984;32.327369689941406;31.70659446716309;1.93941593170166;79.57616424560547;4.008358001708984;14.31556510925293
300.0;191.0;30.132230758666992;30.366596221923828;29.79764938354492;1.888166904449463;91.38360595703124;2.132230758666992;7.615109443664551
300.0;201.0;29.26212310791016;29.513776779174805;28.88206672668457;2.15879774093628;81.4417724609375;1.2621231079101562;4.507582664489746
267.73;165.09;29.21840476989746;29.575380325317383;28.815433502197266;2.600918292999268;5.626358509063721;1.218404769897461;4.35144567489624
296.28;207.23;28.133808135986328;28.42911720275879;27.69143295288086;2.622056245803833;1.532561421394348;0.1338081359863281;0.4778861999511719
246.83;147.57;28.75381088256836;29.28734016418457;28.40246963500977;3.0774025917053223;4.5976433753967285;0.7538108825683594;2.6921818256378174
266.08;177.63;27.82333946228028;28.150785446166992;27.37131690979004;2.8014917373657227;0.5385194420814514;-0.1766605377197265;0.630930483341217
293.05;203.5;28.168434143066406;28.46697998046875;27.742713928222656;2.571197509765625;1.66778564453125;0.1684341430664062;0.6015505194664001
253.72;157.65;28.392333984375;28.809913635253903;28.02664566040039;2.75873064994812;2.8925487995147705;0.392333984375;1.4011927843093872
264.34;166.23;28.734107971191406;29.086502075195312;28.349550247192383;2.5647284984588623;3.880364418029785;0.7341079711914062;2.621814250946045
290.5;211.08;27.22655487060547;27.505102157592773;26.834171295166016;2.464251756668091;0.0;-0.7734451293945312;2.7623040676116943
286.01;189.08;28.850971221923828;29.182411193847656;28.371320724487305;2.8113107681274414;4.222897052764893;0.8509712219238281;3.0391829013824463
281.28;204.96;26.84971046447754;27.160614013671875;26.42098617553711;2.7546956539154053;0.0;-1.150289535522461;4.108176708221436
287.71;196.35;28.31575965881348;28.63276100158692;27.89621353149414;2.601192712783813;2.259860754013061;0.3157596588134765;1.1277130842208862
289.32;210.6;27.15703010559082;27.43476867675781;26.76816368103028;2.454631328582764;0.0;-0.8429698944091797;3.0106067657470703
285.22;205.59;27.21012115478516;27.4998836517334;26.79315185546875;2.5973122119903564;0.0;-0.7898788452148438;2.820995807647705
294.99;205.96;28.129535675048828;28.42205238342285;27.718839645385746;2.499908685684204;1.5073299407958984;0.1295356750488281;0.4626274108886719
281.02;192.61;27.991039276123047;28.290382385253903;27.559850692749023;2.609876871109009;1.037079930305481;-0.0089607238769531;0.0320025868713855
264.68;173.02;28.143075942993164;28.46908950805664;27.703065872192383;2.7218902111053467;1.6753196716308594;0.143075942993164;0.5109854936599731
280.1;196.84;27.50279235839844;27.79615592956543;27.099151611328125;2.534303903579712;0.0;-0.4972076416015625;1.7757415771484375
295.96;213.39;27.536340713500977;27.84250259399414;27.09541130065918;2.7131102085113525;0.0;-0.4636592864990234;1.655925989151001
261.9;170.65;28.05967140197754;28.38762283325196;27.643386840820312;2.6523332595825195;1.3843672275543213;0.059671401977539;0.2131121456623077
281.8;181.26;29.164451599121094;29.523042678833008;28.631078720092773;3.058394432067871;5.439438343048096;1.1644515991210938;4.158755779266357
282.03;198.02;27.56472969055176;27.894800186157227;27.09440040588379;2.903709888458252;0.0;-0.4352703094482422;1.5545368194580078
276.38;176.67;29.06331253051757;29.40518569946289;28.61594581604004;2.715588092803955;5.018520355224609;1.063312530517578;3.7975449562072754
272.71;195.36;26.87485313415528;27.17201232910156;26.42698097229004;2.772224903106689;0.0;-1.1251468658447266;4.018381595611572
280.98;189.55;28.28236961364746;28.586971282958984;27.80105972290039;2.778803825378418;2.0963261127471924;0.2823696136474609;1.008462905883789
240.17;148.74;27.82720375061035;28.3095817565918;27.47398567199707;3.002802848815918;1.1056491136550903;-0.1727962493896484;0.6171294450759888
289.28;205.75;27.58955955505371;27.882869720458984;27.164770126342773;2.602794647216797;0.0;-0.410440444946289;1.4658586978912354
287.47;208.74;27.14373588562012;27.43059730529785;26.746625900268555;2.519813060760498;0.0;-0.8562641143798828;3.0580861568450928
269.92;165.5;29.40779685974121;29.747703552246094;29.025171279907227;2.4569413661956787;6.241798400878906;1.407796859741211;5.027845859527588
284.48;203.84;27.28224754333496;27.58008003234864;26.84179878234864;2.7060866355896;0.0;-0.7177524566650391;2.563401699066162
258.2;164.25;28.22810935974121;28.577974319458008;27.84091567993164;2.611080408096313;2.0641939640045166;0.2281093597412109;0.8146762847900391
250.02;166.63;27.09590721130371;27.41251945495605;26.73763084411621;2.4907400608062744;0.0;-0.9040927886962892;3.228902816772461
268.53;172.32;28.638362884521484;28.95932388305664;28.21153450012207;2.611145734786988;3.426156520843506;0.6383628845214844;2.27986741065979
261.18;153.01;29.79294204711914;30.250158309936523;29.408599853515625;2.824690818786621;8.036279678344727;1.7929420471191406;6.403364181518555
266.96;175.44;28.176204681396484;28.48396682739257;27.75381660461425;2.591371774673462;1.7284529209136963;0.1762046813964843;0.629302442073822
279.71;180.05;29.06382179260254;29.44256591796875;28.569061279296875;3.0054707527160645;5.1520209312438965;1.063821792602539;3.799363613128662
265.98;166.74;28.870437622070312;29.204721450805664;28.48592758178711;2.489722967147827;4.302576541900635;0.8704376220703125;3.108705759048462
259.77;153.18;29.59374618530273;30.05601119995117;29.22467422485352;2.80916428565979;7.342897415161133;1.5937461853027344;5.691950798034668
250.95;148.19;29.173185348510746;29.685203552246094;28.797325134277344;3.0434744358062744;6.018584251403809;1.1731853485107422;4.189947605133057
280.37;190.92;28.084510803222656;28.402305603027344;27.59379005432129;2.87886643409729;1.4368057250976562;0.0845108032226562;0.3018243014812469
260.8;168.47;28.15063095092773;28.477649688720703;27.754478454589844;2.568934202194214;1.7058918476104736;0.1506309509277343;0.5379676818847656
265.23;184.03;27.152734756469727;27.48857307434082;26.70769119262696;2.8758866786956787;0.0;-0.8472652435302734;3.025947332382202
258.71;147.12;30.255765914916992;30.78210830688477;29.849231719970703;3.083301782608032;9.936100959777832;2.255765914916992;8.056306838989258
270.31;190.39;27.085176467895508;27.41653633117676;26.628416061401367;2.9097845554351807;0.0;-0.9148235321044922;3.2672266960144043
256.88;154.73;29.07579231262207;29.51773834228516;28.710851669311523;2.7751150131225586;5.420494079589844;1.0757923126220703;3.84211540222168
277.7;173.35;29.511831283569336;29.87406349182129;29.059669494628903;2.759550809860229;6.693083763122559;1.511831283569336;5.399397373199463
252.08;167.6;27.23738479614257;27.569435119628903;26.879106521606445;2.534489393234253;0.0;-0.7626152038574219;2.723625659942627
288.32;208.98;27.20408058166504;27.49203491210937;26.8154239654541;2.4871671199798584;0.0;-0.7959194183349609;2.842569351196289
243.99;150.11;28.100324630737305;28.568693161010746;27.74658203125;2.925628662109375;2.031047105789185;0.1003246307373046;0.3583022654056549
281.05;203.44;26.988698959350582;27.31488800048828;26.54574012756348;2.849888563156128;0.0;-1.011301040649414;3.6117892265319824
282.9;200.77;27.415016174316406;27.703218460083008;27.004255294799805;2.54956316947937;0.0;-0.5849838256835938;2.0892279148101807
253.58;152.22;28.988019943237305;29.436119079589844;28.623016357421875;2.8049612045288086;5.128996849060059;0.9880199432373048;3.5286426544189453
271.98;183.33;27.917787551879883;28.26887893676757;27.453786849975582;2.9196155071258545;0.9602819681167604;-0.0822124481201171;0.2936158776283264
272.26;184.87;27.806270599365234;28.16139411926269;27.35371971130371;2.904648542404175;0.5764075517654419;-0.1937294006347656;0.6918907165527344
249.57;167.46;26.97082901000977;27.29960060119629;26.606428146362305;2.570081949234009;0.0;-1.0291709899902344;3.6756105422973633
295.76;200.62;28.697717666625977;29.03860664367676;28.21288299560547;2.877314805984497;3.709309577941896;0.6977176666259766;2.4918487071990967
288.38;191.7;28.82750129699707;29.16034889221192;28.350868225097656;2.8080153465271;4.144103050231934;0.8275012969970703;2.955361843109131
298.12;210.76;27.989246368408203;28.28485107421875;27.55712890625;2.600006341934204;1.0173252820968628;-0.0107536315917968;0.0384058281779289
243.18;147.46;28.328516006469727;28.82188415527344;27.9686222076416;3.0120248794555664;2.935300588607788;0.3285160064697265;1.173271417617798
286.72;207.02;27.230430603027344;27.51132202148437;26.821674346923828;2.5326359272003174;0.0;-0.7695693969726562;2.748462200164795
287.58;187.8;29.12721443176269;29.483945846557617;28.653244018554688;2.851978302001953;5.299806594848633;1.127214431762695;4.025765895843506
241.04;151.79;27.56705093383789;28.01009750366211;27.226537704467773;2.8423781394958496;0.0360625125467777;-0.4329490661621094;1.5462466478347778
288.35;208.66;27.231170654296875;27.52381706237793;26.80252456665039;2.648775339126587;0.0;-0.768829345703125;2.745819091796875
295.53;209.49;27.85678100585937;28.144256591796875;27.448352813720703;2.4981486797332764;0.5152021050453186;-0.143218994140625;0.5114964246749878
263.55;162.75;28.981246948242188;29.34708595275879;28.605504989624023;2.5588302612304688;4.811021327972412;0.9812469482421876;3.504453182220459
247.91;154.1;28.116071701049805;28.539182662963867;27.755268096923828;2.788136959075928;1.925652265548706;0.1160717010498046;0.4145417809486389
290.6;211.51;27.19229888916016;27.485456466674805;26.798110961914062;2.5277211666107178;0.0;-0.8077011108398438;2.8846468925476074
266.65;183.86;27.31876945495605;27.64278030395508;26.87067985534668;2.826263666152954;0.0;-0.6812305450439453;2.4329662322998047
298.84;207.04;28.41131591796875;28.695587158203125;27.98428535461425;2.5035862922668457;2.4842398166656494;0.41131591796875;1.4689854383468628
260.93;149.41;30.20457649230957;30.716472625732425;29.815711975097656;2.982199192047119;9.701687812805176;2.2045764923095703;7.87348747253418
241.21;156.35;27.09015274047852;27.50843620300293;26.73404884338379;2.8585565090179443;0.0;-0.9098472595214844;3.249454498291016
262.21;161.4;28.94707679748535;29.351655960083008;28.58523368835449;2.647667169570923;4.827342510223389;0.9470767974853516;3.3824172019958496
275.38;191.77;27.48495864868164;27.821531295776367;27.01945686340332;2.9182302951812744;0.0;-0.5150413513183594;1.8394334316253664
268.88;184.08;27.54717063903809;27.87101173400879;27.09174919128418;2.828829765319824;0.0;-0.452829360961914;1.6172478199005127
272.76;180.9;28.210018157958984;28.573226928710938;27.756532669067383;2.895050525665283;2.047239065170288;0.2100181579589843;0.7500648498535156
240.31;154.17;27.22176551818848;27.62941169738769;26.879365921020508;2.755316257476806;0.0;-0.7782344818115234;2.7794089317321777
266.02;186.08;27.050228118896484;27.35141372680664;26.63193321228028;2.659794807434082;0.0;-0.9497718811035156;3.392042636871338
279.75;194.01;27.72964859008789;28.03661346435547;27.257862091064453;2.80837082862854;0.130762368440628;-0.2703514099121094;0.9655407667160034
255.96;169.46;27.522157669067383;27.82568359375;27.142961502075195;2.4806270599365234;0.0;-0.4778423309326172;1.7065796852111816
276.46;172.12;29.54512405395508;29.87507438659668;29.11186981201172;2.5831828117370605;6.696694374084473;1.545124053955078;5.51830005645752
291.42;192.0;29.112791061401367;29.48838424682617;28.59641456604004;3.0638411045074463;5.315658092498779;1.1127910614013672;3.974253654479981
280.1;192.05;27.942657470703125;28.2874755859375;27.47200965881348;2.9183549880981445;1.0266984701156616;-0.057342529296875;0.2047947347164154
290.0;190.31;29.15523910522461;29.48809814453125;28.71198272705078;2.6620101928710938;5.31463623046875;1.1552391052246094;4.125854015350342
267.61;165.24;29.18948173522949;29.542375564575195;28.798376083374023;2.548861503601074;5.508484363555908;1.1894817352294922;4.248148918151856
267.23;184.2;27.33254623413086;27.653038024902344;26.908620834350582;2.7235560417175293;0.0;-0.6674537658691406;2.383763551712036
257.35;155.48;29.052045822143555;29.477428436279297;28.68791389465332;2.7175867557525635;5.2765302658081055;1.052045822143555;3.7573065757751465
265.76;170.55;28.50993728637696;28.8232364654541;28.093616485595703;2.559177875518799;2.9401302337646484;0.5099372863769531;1.821204662322998
256.52;163.33;28.12628746032715;28.48750877380371;27.7617244720459;2.5804481506347656;1.741102695465088;0.1262874603271484;0.4510266184806824
299.56;214.87;27.749679565429688;28.05129051208496;27.342493057250977;2.554254531860352;0.1831804066896438;-0.2503204345703125;0.8940016031265259
247.03;148.15;28.70757102966309;29.195629119873047;28.34738540649414;2.954773664474488;4.270103931427002;0.7075710296630859;2.527039289474488
275.67;185.47;28.11640357971192;28.42717933654785;27.62285423278809;2.860697031021118;1.5256404876708984;0.116403579711914;0.4157270789146423
284.93;199.38;27.738788604736328;28.06241035461425;27.279525756835938;2.822345972061157;0.2228941321372985;-0.2612113952636719;0.9328978061676024
240.38;161.92;26.420143127441406;26.769487380981445;26.0831298828125;2.5978569984436035;0.0;-1.5798568725585938;5.642345905303955
251.19;162.49;27.613344192504883;27.97176551818848;27.248851776123047;2.6179869174957275;0.0;-0.3866558074951172;1.3809136152267456
243.43;151.45;27.87300682067871;28.341535568237305;27.52305221557617;2.9364731311798096;1.219769835472107;-0.126993179321289;0.4535470604896545
292.24;203.19;28.09382057189941;28.434717178344727;27.614967346191406;2.917900800704956;1.5525614023208618;0.093820571899414;0.3350734710693359
246.14;159.32;27.347076416015625;27.720535278320312;26.99368476867676;2.6578729152679443;0.0;-0.652923583984375;2.331869840621948
253.68;148.65;29.44226837158203;29.951902389526367;29.055030822753903;3.046203851699829;6.9710798263549805;1.4422683715820312;5.15095853805542
259.28;171.34;27.71312713623047;28.0489444732666;27.29162979125977;2.7326929569244385;0.1748016923666;-0.2868728637695312;1.0245459079742432
265.09;162.92;29.132692337036133;29.49916648864746;28.754684448242188;2.5554866790771484;5.354166030883789;1.1326923370361328;4.045329570770264
269.35;186.66;27.32802391052246;27.68197059631348;26.86045455932617;3.0061304569244385;0.0;-0.6719760894775391;2.399914503097534
276.09;178.59;28.817428588867188;29.17081069946289;28.35448837280273;2.8327383995056152;4.181466579437256;0.8174285888671875;2.9193878173828125
288.83;216.25;26.62102508544922;26.907054901123047;26.230186462402344;2.542608499526977;0.0;-1.3789749145507812;4.924910545349121
244.33;150.06;28.14642143249512;28.626522064208984;27.79355239868164;2.959415912628174;2.237578868865967;0.1464214324951172;0.5229336619377136
261.27;149.17;30.273754119873047;30.78495216369629;29.88036155700684;2.9880356788635254;9.94625759124756;2.273754119873047;8.120550155639648
262.47;162.47;28.890989303588867;29.25676155090332;28.5067081451416;2.5961499214172363;4.488434314727783;0.8909893035888672;3.182104587554932
264.49;163.7;29.005428314208984;29.35667991638184;28.60742950439453;2.5831387042999268;4.845285415649414;1.0054283142089844;3.590815544128418
270.78;171.77;28.94878578186035;29.27467155456543;28.5344352722168;2.5570547580718994;4.552398204803467;0.9487857818603516;3.3885207176208496
258.82;147.37;30.214818954467773;30.74343490600586;29.818510055541992;3.0611629486083984;9.797982215881348;2.214818954467773;7.910067558288574
278.91;191.96;27.81637191772461;28.145790100097656;27.37835121154785;2.758946895599365;0.5206789374351501;-0.1836280822753906;0.6558145880699158
280.59;192.06;28.003448486328125;28.33566665649414;27.518798828125;2.9170258045196533;1.1988095045089722;0.003448486328125;0.0123160220682621
281.68;188.95;28.394004821777344;28.733341217041016;27.89548110961914;2.950834512710572;2.6190757751464844;0.3940048217773437;1.4071600437164309
251.39;153.71;28.55855369567871;28.999435424804688;28.189815521240234;2.834947109222412;3.5694122314453125;0.5585536956787109;1.9948346614837649
243.75;159.5;27.069244384765625;27.43863868713379;26.7224178314209;2.6458842754364014;0.0;-0.930755615234375;3.324127197265625
294.27;216.39;27.117305755615234;27.394147872924805;26.71949577331543;2.487902402877808;0.0;-0.8826942443847656;3.152479648590088
271.25;195.21;26.75281143188477;27.067947387695312;26.32697105407715;2.769713878631592;0.0;-1.2471885681152344;4.454245090484619
253.88;157.32;28.464733123779297;28.87104225158692;28.097925186157227;2.716052293777466;3.1108651161193848;0.4647331237792969;1.6597611904144287
298.3;200.64;28.95387077331543;29.28344917297364;28.48950958251953;2.742084503173828;4.583746910095215;0.9538707733154296;3.406681537628174
271.13;169.4;29.20309829711914;29.55501365661621;28.78809356689453;2.626159906387329;5.553620338439941;1.2030982971191406;4.296779632568359
275.34;194.95;27.18171501159668;27.504209518432617;26.74249267578125;2.8023135662078857;0.0;-0.8182849884033203;2.9224464893341064
282.55;201.03;27.370166778564453;27.66666030883789;26.96146774291992;2.576500654220581;0.0;-0.6298332214355469;2.2494044303894043
272.42;196.05;26.77184295654297;27.07731437683105;26.32109832763672;2.824669361114502;0.0;-1.2281570434570312;4.386275291442871
258.81;151.51;29.682418823242188;30.17187118530273;29.31117820739746;2.899672746658325;7.756682395935059;1.6824188232421875;6.008638858795166
292.94;211.8;27.3875732421875;27.674560546875;26.983686447143555;2.5225822925567627;0.0;-0.6124267578125;2.1872384548187256
278.33;179.16;29.00462532043457;29.33557510375977;28.53539085388184;2.7588160037994385;4.769911289215088;1.0046253204345703;3.587947368621826
285.02;191.06;28.55240249633789;28.870437622070312;28.108551025390625;2.66838002204895;3.108705759048462;0.5524024963378906;1.9728660583496087
271.58;185.1;27.72871780395508;28.03255271911621;27.24738502502441;2.831604719161988;0.1162597090005874;-0.2712821960449219;0.9688650369644164
280.58;184.8;28.69967460632324;29.03204345703125;28.25086975097656;2.721890449523926;3.685869693756104;0.6996746063232422;2.498837947845459
270.95;191.12;27.09188270568848;27.40825653076172;26.64595413208008;2.8137667179107666;0.0;-0.9081172943115234;3.2432761192321777
256.36;155.12;28.99946022033692;29.418243408203125;28.626314163208008;2.730841398239136;5.065155029296875;0.999460220336914;3.5695009231567383
247.76;148.0;28.791154861450195;29.30238342285156;28.436792373657227;3.0064477920532227;4.651369571685791;0.7911548614501953;2.8255531787872314
298.81;203.26;28.76768112182617;29.07685089111328;28.328277587890625;2.60213303565979;3.845896244049072;0.7676811218261719;2.741718292236328
278.16;184.14;28.49532699584961;28.8374252319336;28.019399642944336;2.870735883712769;2.990804433822632;0.4953269958496094;1.7690250873565674
245.97;160.94;27.16889190673828;27.51895904541016;26.81965446472168;2.573916435241699;0.0;-0.8311080932617188;2.96824312210083
273.86;191.61;27.34827423095703;27.66144180297852;26.922237396240234;2.7029287815093994;0.0;-0.6517257690429688;2.327592134475708
256.79;156.79;28.85302925109864;29.26627922058105;28.46796607971192;2.7668259143829346;4.522425651550293;0.8530292510986328;3.0465331077575684
270.13;191.18;27.010860443115234;27.3041934967041;26.565284729003903;2.7355988025665283;0.0;-0.9891395568847656;3.5326414108276367
273.41;172.23;29.198097229003903;29.51394462585449;28.77719116210937;2.5232927799224854;5.40694522857666;1.1980972290039062;4.278918743133545
240.1;161.51;26.43096351623535;26.78655815124512;26.09952163696289;2.599362373352051;0.0;-1.5690364837646484;5.603701591491699
247.98;156.19;27.891929626464844;28.30013465881348;27.542028427124023;2.718012809753418;1.0719095468521118;-0.1080703735351562;0.3859656155109405
291.51;210.0;27.41190528869629;27.70842742919922;27.01748847961425;2.5205798149108887;0.0;-0.5880947113037109;2.100338220596313
260.68;146.79;30.52626609802246;31.08262252807617;30.114028930664062;3.17298436164856;11.009366035461426;2.526266098022461;9.022378921508787
272.78;183.29;28.01898956298828;28.354650497436523;27.50930404663086;3.0170483589172363;1.266608953475952;0.0189895629882812;0.0678198710083961
251.62;151.32;28.86958122253418;29.323848724365234;28.497669219970703;2.861764907836914;4.728031158447266;0.8695812225341797;3.105647325515747
293.43;211.03;27.511489868164062;27.81201934814453;27.094125747680664;2.6094319820404053;0.0;-0.4885101318359375;1.744678974151611
259.46;168.42;28.007118225097656;28.33139038085937;27.61953926086425;2.5416793823242188;1.1835371255874634;0.0071182250976562;0.0254222340881824
268.41;161.25;29.67237091064453;30.0618839263916;29.30277442932129;2.558304071426392;7.363871574401855;1.6723709106445312;5.972753047943115
258.78;145.73;30.42342567443848;30.97281837463379;30.026899337768555;3.109179973602295;10.61720848083496;2.423425674438477;8.655091285705566
286.4;204.62;27.40254211425781;27.69802665710449;26.99424171447754;2.568319797515869;0.0;-0.5974578857421875;2.1337780952453613
267.8;174.67;28.323787689208984;28.656641006469727;27.878530502319336;2.74719786643982;2.345146417617798;0.3237876892089844;1.1563845872879028
257.65;147.23;30.10074234008789;30.62527656555176;29.7126693725586;3.0318427085876465;9.375988006591797;2.10074234008789;7.502651214599609
266.41;163.77;29.208696365356445;29.55640983581543;28.808313369750977;2.561211347579956;5.558606624603272;1.208696365356445;4.316772937774658
251.53;154.53;28.480823516845703;28.925086975097656;28.126873016357425;2.8026363849639893;3.303882122039795;0.4808235168457031;1.71722674369812
289.58;212.45;27.014026641845703;27.298038482666016;26.61118698120117;2.5425736904144287;0.0;-0.9859733581542968;3.5213332176208496
294.58;194.29;29.21521377563477;29.54576110839844;28.723846435546875;2.8133106231689453;5.520575523376465;1.2152137756347656;4.3400492668151855
273.35;183.08;28.093339920043945;28.4293212890625;27.62949752807617;2.847022771835327;1.5332902669906616;0.0933399200439453;0.3333568572998047
245.08;160.44;27.1051082611084;27.473926544189453;26.759212493896484;2.636824131011963;0.0;-0.8948917388916016;3.196042060852051
277.76;184.22;28.455286026000977;28.82868385314941;27.95390892028809;3.0742087364196777;2.959585189819336;0.4552860260009765;1.6260216236114502
285.27;197.34;27.970346450805664;28.2876205444336;27.53377914428711;2.6951451301574707;1.0272161960601809;-0.0296535491943359;0.105905532836914
275.41;174.09;29.22052764892578;29.53583335876465;28.772634506225582;2.611858606338501;5.485119342803955;1.2205276489257812;4.35902738571167
290.38;199.14;28.31020164489746;28.634477615356445;27.86235809326172;2.7273542881011963;2.265991449356079;0.3102016448974609;1.1078630685806274
249.35;146.65;29.16668510437012;29.69187355041504;28.801315307617188;3.053340673446656;6.042405605316162;1.1666851043701172;4.166732311248779
286.57;203.49;27.53653717041016;27.835248947143555;27.12932777404785;2.56358003616333;0.0;-0.4634628295898437;1.655224323272705
262.73;177.05;27.56843948364257;27.87921524047852;27.13112068176269;2.713590383529663;0.0;-0.4315605163574219;1.541287541389465
270.49;181.2;27.95674705505371;28.27261543273925;27.50057411193848;2.761556386947632;0.9736264944076538;-0.043252944946289;0.1544748097658157
277.88;192.04;27.705162048339844;28.035802841186523;27.266490936279297;2.7767817974090576;0.1278672963380813;-0.2948379516601562;1.0529927015304563
242.18;161.76;26.64839172363281;27.0139102935791;26.301898956298828;2.6718735694885254;0.0;-1.3516082763671875;4.82717227935791
271.53;194.07;26.88559532165528;27.173917770385746;26.432085037231445;2.759220123291016;0.0;-1.1144046783447266;3.980016708374024
248.36;150.12;28.614896774291992;29.09868049621582;28.2590446472168;2.9342613220214844;3.923859119415283;0.6148967742919922;2.1960599422454834
276.7;190.01;27.785070419311523;28.12537002563477;27.34207534790039;2.819120645523072;0.4477500915527344;-0.2149295806884765;0.7676056623458862
260.88;156.35;29.366613388061523;29.8244686126709;29.000078201293945;2.807236909866333;6.515959739685059;1.3666133880615234;4.880762100219727
275.61;187.34;27.920408248901367;28.23760032653809;27.488916397094727;2.6814935207366943;0.8485726118087769;-0.0795917510986328;0.284256249666214
249.6;157.79;27.90799331665039;28.301633834838867;27.559642791748047;2.6587042808532715;1.0772637128829956;-0.0920066833496093;0.3285953104496002
279.92;186.81;28.41715812683105;28.75705909729004;27.927160263061523;2.920414447784424;2.703782558441162;0.4171581268310547;1.489850401878357
267.13;178.94;27.835975646972656;28.19102096557617;27.377647399902344;2.922022819519043;0.6822177171707153;-0.1640243530273437;0.5858012437820435
244.25;150.42;28.10161018371582;28.55932235717773;27.73953056335449;2.917241334915161;1.99757981300354;0.1016101837158203;0.3628935217857361
271.3;172.68;28.91707992553711;29.24344825744629;28.484424591064453;2.624828100204468;4.440886497497559;0.9170799255371094;3.275285243988037
272.71;192.69;27.12553596496582;27.45281982421875;26.67827796936035;2.8553974628448486;0.0;-0.8744640350341797;3.1230857372283936
295.07;209.34;27.821393966674805;28.12191772460937;27.39179801940918;2.624310255050659;0.4354204535484314;-0.1786060333251953;0.6378787159919739
262.74;172.77;27.960264205932617;28.2917594909668;27.54025650024414;2.687753438949585;1.0419981479644775;-0.0397357940673828;0.1419135481119156
262.56;169.19;28.27685737609864;28.60692405700684;27.884815216064453;2.5537095069885254;2.167585849761963;0.2768573760986328;0.9887763261795044
288.82;207.44;27.383771896362305;27.677696228027344;26.987638473510746;2.519951343536377;0.0;-0.6162281036376953;2.200814723968506
268.06;173.83;28.44078063964844;28.765186309814453;27.982128143310547;2.753293514251709;2.732808351516724;0.4407806396484375;1.574216604232788
283.61;204.64;27.11263656616211;27.41372871398925;26.67329216003418;2.7309646606445312;0.0;-0.8873634338378906;3.1691551208496094
271.04;182.74;27.863359451293945;28.188087463378903;27.408830642700195;2.796708106994629;0.6717409491539001;-0.1366405487060547;0.4880019426345825
253.39;153.86;28.76676750183105;29.215087890625;28.40608787536621;2.812272787094116;4.339599609375;0.7667675018310547;2.738455295562744
248.16;155.63;27.981481552124023;28.40646171569824;27.62563705444336;2.790505170822144;1.4516489505767822;-0.0185184478759765;0.0661373138427734
257.05;147.25;30.022293090820312;30.54609489440918;29.638900756835938;3.021734952926636;9.093195915222168;2.0222930908203125;7.222475051879883
278.96;200.39;27.03959274291992;27.360462188720703;26.5970458984375;2.823327779769897;0.0;-0.960407257080078;3.430026054382324
285.02;209.76;26.800342559814453;27.085494995117188;26.41212272644043;2.5125508308410645;0.0;-1.1996574401855469;4.284491062164307
285.4;182.95;29.354957580566406;29.737201690673828;28.859424591064453;2.990217447280884;6.204291820526123;1.3549575805664062;4.839134216308594
290.3;211.9;27.125099182128903;27.412446975708008;26.719575881958008;2.554354190826416;0.0;-0.8749008178710938;3.124645709991455
249.82;152.68;28.49913024902344;28.93387985229492;28.13778686523437;2.793394088745117;3.335285186767578;0.4991302490234375;1.7826080322265625
289.99;213.69;26.94740104675293;27.24319839477539;26.5244369506836;2.667275667190552;0.0;-1.0525989532470703;3.759282112121582
288.25;191.17;28.859161376953125;29.241708755493164;28.32962989807129;3.1604483127593994;4.434674263000488;0.859161376953125;3.0684335231781006
285.16;190.01;28.667240142822266;29.00374412536621;28.216785430908203;2.745149850845337;3.584800243377685;0.6672401428222656;2.383000612258911
286.27;204.79;27.37082862854004;27.674392700195312;26.942541122436523;2.673837900161743;0.0;-0.6291713714599609;2.2470405101776123
262.96;164.45;28.737194061279297;29.10940933227539;28.36127471923828;2.6033668518066406;3.962176322937012;0.7371940612792969;2.632835865020752
256.02;166.39;27.776500701904297;28.11567497253418;27.41615295410156;2.518394947052002;0.4131249189376831;-0.2234992980957031;0.7982118129730225
274.96;193.05;27.331377029418945;27.66166877746582;26.911392211914062;2.7451107501983643;0.0;-0.6686229705810547;2.387939214706421
292.39;215.94;26.973424911499023;27.26621055603028;26.57171630859375;2.574735164642334;0.0;-1.0265750885009766;3.66633939743042
299.1;206.92;28.444061279296875;28.759201049804688;27.98844337463379;2.7097315788269043;2.711432218551636;0.444061279296875;1.5859332084655762
278.39;182.55;28.69414520263672;29.02162742614746;28.236934661865234;2.7346789836883545;3.648669242858887;0.6941452026367188;2.479089975357056
266.22;159.22;29.657039642333984;30.06354141235352;29.273475646972656;2.6640074253082275;7.369791030883789;1.6570396423339844;5.917998790740967
243.08;159.74;26.97110366821289;27.33586883544922;26.61882209777832;2.658573865890503;0.0;-1.0288963317871094;3.67462968826294
269.35;179.57;27.996734619140625;28.310115814208984;27.551387786865234;2.7100589275360107;1.1075564622879028;-0.003265380859375;0.0116620743647217
286.4;187.5;29.02949333190918;29.4105167388916;28.526710510253903;3.044511318206787;5.037559986114502;1.0294933319091797;3.676762104034424
279.84;179.03;29.20423698425293;29.554452896118164;28.72497940063477;2.840250492095948;5.551617622375488;1.2042369842529297;4.300846576690674
277.65;175.41;29.32460021972656;29.692256927490234;28.85222053527832;2.8646132946014404;6.043774604797363;1.3246002197265625;4.730715274810791
242.71;159.95;26.885398864746094;27.252416610717773;26.5300350189209;2.686891794204712;0.0;-1.1146011352539062;3.98071813583374
284.14;182.95;29.2109432220459;29.596324920654297;28.74577140808105;2.9117631912231445;5.701160430908203;1.2109432220458984;4.3247971534729
254.82;162.07;28.050445556640625;28.42179679870605;27.694250106811523;2.593708276748657;1.506417155265808;0.050445556640625;0.1801626980304718
262.26;166.15;28.48567008972168;28.83521842956543;28.13184356689453;2.469223499298096;2.9829230308532715;0.4856700897216797;1.7345359325408936
262.53;156.86;29.510648727416992;29.947498321533203;29.105852127075195;2.852008581161499;6.955350875854492;1.5106487274169922;5.395174026489258
283.77;187.32;28.811954498291016;29.132606506347656;28.347023010253903;2.726588726043701;4.045023441314697;0.8119544982910156;2.8998374938964844
265.35;177.63;27.77213287353516;28.08748435974121;27.35600852966309;2.633848190307617;0.3124441504478454;-0.2278671264648437;0.813811182975769
249.89;145.02;29.46051979064941;30.001583099365234;29.07018280029297;3.16152024269104;7.148510932922363;1.460519790649414;5.216142177581787
259.1;162.92;28.4587459564209;28.82228279113769;28.09158515930176;2.567567825317383;2.9367241859436035;0.4587459564208984;1.638378381729126
288.76;209.36;27.21018409729004;27.49677467346192;26.81761360168457;2.495981216430664;0.0;-0.7898159027099609;2.8207709789276123
253.62;154.57;28.712949752807617;29.161361694335938;28.362468719482425;2.782343626022339;4.147720336914063;0.7129497528076172;2.5462491512298584
266.9;180.51;27.644201278686523;27.98048973083496;27.18878746032715;2.863899946212769;0.0;-0.3557987213134765;1.270709753036499
292.98;198.92;28.5882511138916;28.92023086547852;28.12279510498047;2.7893829345703125;3.286538600921631;0.5882511138916016;2.1008968353271484
288.87;216.04;26.63324737548828;26.920040130615234;26.24043846130371;2.551704168319702;0.0;-1.3667526245117188;4.881259441375732
253.76;152.12;29.02236557006836;29.490827560424805;28.65390968322754;2.883699655532837;5.3243842124938965;1.0223655700683594;3.651305675506592
270.64;188.45;27.3126163482666;27.641469955444336;26.851646423339844;2.8917901515960693;0.0;-0.6873836517333984;2.454941511154175
278.94;189.52;28.06527709960937;28.403995513916016;27.60619163513184;2.842672348022461;1.4428411722183228;0.065277099609375;0.2331325113773346
254.08;152.91;28.964014053344727;29.432859420776367;28.6037712097168;2.862476825714112;5.117354869842529;0.9640140533447266;3.4429073333740234
256.27;170.58;27.45230484008789;27.765151977539062;27.065216064453125;2.549643516540528;0.0;-0.5476951599121094;1.9560542106628416
242.03;153.53;27.491085052490234;27.908466339111328;27.13300132751465;2.820787191390991;0.0;-0.5089149475097656;1.8175532817840576
244.9;156.17;27.52718734741211;27.93926429748535;27.19337654113769;2.7096402645111084;0.0;-0.4728126525878906;1.6886165142059326
245.47;162.59;26.950502395629883;27.282962799072266;26.592823028564453;2.560767650604248;0.0;-1.0494976043701172;3.7482056617736816
256.38;160.26;28.42086410522461;28.81061363220215;28.063949584960938;2.627168893814087;2.8950486183166504;0.4208641052246094;1.5030860900878906
265.58;162.33;29.254859924316406;29.62430000305176;28.86839866638184;2.583848714828491;5.801071643829346;1.2548599243164062;4.481642723083496
269.08;168.02;29.10175323486328;29.446956634521484;28.713672637939453;2.519724607467652;5.1677021980285645;1.1017532348632812;3.93483304977417
258.02;163.37;28.28822135925293;28.65937805175781;27.913360595703125;2.63720178604126;2.354921579360962;0.2882213592529297;1.0293619632720947
264.25;174.75;27.94150352478028;28.265111923217773;27.48074150085449;2.807187557220459;0.9468282461166382;-0.0584964752197265;0.2089159786701202
248.99;153.55;28.29450798034668;28.738243103027344;27.9393367767334;2.8235385417938232;2.636582612991333;0.2945079803466797;1.0518141984939575
287.2;198.4;28.07432746887207;28.36443519592285;27.6516056060791;2.5390799045562744;1.3015543222427368;0.0743274688720703;0.2654552459716797
266.29;164.72;29.083232879638672;29.442222595214844;28.69816398620605;2.5583765506744385;5.150794982910156;1.083232879638672;3.8686890602111816
282.63;190.86;28.3293685913086;28.65653419494629;27.866474151611328;2.788837432861328;2.344764947891236;0.3293685913085937;1.1763163805007937
241.54;157.28;27.04150009155273;27.423891067504883;26.692163467407227;2.7059431076049805;0.0;-0.9584999084472656;3.4232139587402344
255.5;150.86;29.37525749206543;29.845394134521484;28.99571228027344;2.8925085067749023;6.590693473815918;1.3752574920654297;4.911633968353272
271.77;191.09;27.189193725585938;27.50252723693848;26.723432540893555;2.865457057952881;0.0;-0.8108062744140625;2.895736694335937
282.6;201.26;27.352054595947266;27.641016006469727;26.941875457763672;2.5560805797576904;0.0;-0.6479454040527344;2.3140907287597656
252.58;158.6;28.1748275756836;28.573625564575195;27.80902099609375;2.713786125183105;2.0486626625061035;0.1748275756835937;0.6243842244148254
295.88;197.25;29.05234336853028;29.398670196533203;28.573883056640625;2.8389694690704346;4.995250701904297;1.0523433685302734;3.758368968963623
269.39;175.54;28.40297508239746;28.743146896362305;27.957660675048828;2.7655069828033447;2.6540961265563965;0.4029750823974609;1.4391967058181765
251.38;148.29;29.212358474731445;29.71674346923828;28.84053421020508;2.9994471073150635;6.131226539611816;1.212358474731445;4.3298516273498535
264.84;165.81;28.82176399230957;29.169816970825195;28.437015533447266;2.5425281524658203;4.177917957305908;0.8217639923095703;2.9348714351654053
298.46;199.91;29.031713485717773;29.36394119262696;28.498411178588867;2.981326103210449;4.871218681335449;1.0317134857177734;3.6846909523010254
261.6;175.92;27.530824661254883;27.877309799194336;27.109315872192383;2.789578437805176;0.0;-0.4691753387451172;1.675626277923584
272.4;194.16;26.96624183654785;27.2701416015625;26.52486038208008;2.763756275177002;0.0;-1.0337581634521484;3.691993236541748
264.73;169.55;28.47968292236328;28.795398712158203;28.093355178833008;2.4650681018829346;2.840709686279297;0.4796829223632812;1.71315336227417
283.39;206.83;26.91029357910156;27.194244384765625;26.516021728515625;2.5203094482421875;0.0;-1.0897064208984375;3.89180850982666
287.92;186.18;29.317869186401367;29.68802070617676;28.82191467285156;2.9541914463043213;6.028645515441895;1.3178691864013672;4.7066755294799805
294.31;193.38;29.273223876953125;29.630704879760746;28.790639877319336;2.8697385787963867;5.823945999145508;1.273223876953125;4.5472283363342285
297.69;200.6;28.905336380004883;29.235164642333984;28.434844970703125;2.768760919570923;4.411302089691162;0.9053363800048828;3.233344078063965
243.87;161.3;26.890247344970703;27.2365665435791;26.55556869506836;2.532508611679077;0.0;-1.1097526550292969;3.963402271270752
287.49;186.7;29.234603881835938;29.593624114990234;28.704233169555664;3.0422542095184326;5.691514492034912;1.2346038818359375;4.409299373626709
299.12;204.36;28.680784225463867;28.98670768737793;28.2181396484375;2.679731607437134;3.523955821990967;0.6807842254638672;2.431372165679932
255.61;167.21;27.68172836303711;28.00602531433105;27.303855895996094;2.536580801010132;0.0215189792215824;-0.3182716369628906;1.1366844177246094
267.67;177.01;28.099475860595703;28.414899826049805;27.65702438354492;2.697115898132324;1.4817850589752195;0.0994758605957031;0.3552709221839905
273.71;171.83;29.250423431396484;29.584457397460938;28.796031951904297;2.695432662963867;5.65877628326416;1.2504234313964844;4.4657979011535645
240.49;154.0;27.267757415771484;27.68551445007324;26.91433525085449;2.828172445297241;0.0;-0.7322425842285156;2.61515212059021
290.8;194.35;28.81511306762696;29.16331672668457;28.30289077758789;2.986023187637329;4.154702663421631;0.8151130676269531;2.911118030548096
295.61;209.4;27.872522354125977;28.16029930114746;27.45183753967285;2.541792869567871;0.5724974870681763;-0.1274776458740234;0.4552773237228393
262.45;151.67;30.09892845153809;30.587377548217773;29.71264266967773;2.9061994552612305;9.240633964538574;2.098928451538086;7.496172904968262
289.46;209.08;27.30124282836914;27.582481384277344;26.9151611328125;2.4442853927612305;0.0;-0.6987571716308594;2.495561361312866
278.24;192.13;27.73916244506836;28.081621170043945;27.28133201599121;2.885051727294922;0.2915041744709015;-0.2608375549316406;0.9315626621246338
243.05;161.47;26.76519775390625;27.112205505371094;26.43253326416016;2.5393881797790527;0.0;-1.23480224609375;4.410007953643799
258.38;167.75;27.932100296020508;28.26761054992676;27.57884979248047;2.465839385986328;0.9557520151138306;-0.0678997039794921;0.2424989342689514
295.25;218.91;26.984737396240234;27.26971435546875;26.57529067993164;2.573394298553467;0.0;-1.0152626037597656;3.6259379386901855
253.22;170.39;27.13068389892578;27.44346809387207;26.75610542297364;2.533524990081787;0.0;-0.8693161010742188;3.104700326919556
252.3;140.98;30.34171867370605;30.93881607055664;29.93233299255371;3.317158937454224;10.495771408081056;2.3417186737060547;8.36328125
291.17;207.64;27.58423042297364;27.88150405883789;27.18768882751465;2.5152604579925537;0.0;-0.4157695770263672;1.4848912954330444
248.42;157.83;27.76081657409668;28.16035270690918;27.408767700195312;2.707359313964844;0.5726882219314575;-0.2391834259033203;0.8542264699935913
276.78;195.09;27.3120346069336;27.631113052368164;26.850500106811523;2.858128309249878;0.0;-0.6879653930664062;2.457019329071045
258.9;166.89;28.07135772705078;28.41568756103516;27.69475173950196;2.568225860595703;1.4845983982086182;0.0713577270507812;0.2548490166664123
242.75;146.11;28.43511962890625;28.95696830749512;28.08535385131836;3.065274477005005;3.4177441596984863;0.43511962890625;1.5539987087249756
253.66;146.77;29.687679290771484;30.22651100158692;29.2885684967041;3.1593661308288574;7.951825141906738;1.6876792907714844;6.027426242828369
258.96;163.71;28.380659103393555;28.7275619506836;28.00095558166504;2.5602166652679443;2.598435640335083;0.3806591033935547;1.359496831893921
270.38;185.85;27.51569366455078;27.851402282714844;27.061601638793945;2.870364189147949;0.0;-0.4843063354492187;1.7296655178070068
244.96;161.63;26.972320556640625;27.323087692260746;26.63754272460937;2.541661024093628;0.0;-1.027679443359375;3.670283794403076
278.14;198.46;27.15892601013184;27.461408615112305;26.721717834472656;2.7235641479492188;0.0;-0.8410739898681641;3.003835678100586
297.47;204.81;28.47914123535156;28.777437210083008;28.050033569335938;2.554162740707397;2.776561498641968;0.4791412353515625;1.7112185955047607
282.75;208.59;26.68988800048828;26.980684280395508;26.290058135986328;2.587594747543335;0.0;-1.3101119995117188;4.678971290588379
286.01;192.95;28.456037521362305;28.810958862304688;28.009183883666992;2.817591905593872;2.896281719207764;0.4560375213623047;1.6287055015563965
288.11;193.43;28.643367767333984;28.956104278564453;28.17402458190918;2.7304041385650635;3.414658069610596;0.6433677673339844;2.2977421283721924
258.69;155.61;29.205835342407227;29.627979278564453;28.823223114013672;2.7554636001586914;5.814211845397949;1.2058353424072266;4.306554794311523
265.64;180.51;27.512496948242188;27.872602462768555;27.0596981048584;2.954673290252685;0.0;-0.4875030517578125;1.7410824298858645
294.53;211.47;27.574153900146484;27.869199752807617;27.17039680480957;2.5342681407928467;0.0;-0.4258460998535156;1.5208789110183716
289.95;200.52;28.15144157409668;28.462635040283203;27.71419334411621;2.6586265563964844;1.6522679328918457;0.1514415740966797;0.5408627390861511
254.86;161.05;28.14617729187012;28.525554656982425;27.80260467529297;2.568554639816284;1.8769810199737549;0.1461772918701172;0.5220617651939392
249.86;164.99;27.21526908874512;27.54063034057617;26.864830017089844;2.483165979385376;0.0;-0.7847309112548828;2.802610397338867
282.09;185.8;28.76383781433105;29.08238220214844;28.32271957397461;2.64103364944458;3.8656506538391113;0.7638378143310547;2.727992296218872
246.8;166.53;26.74117851257324;27.0583553314209;26.388017654418945;2.5067620277404785;0.0;-1.2588214874267578;4.495790958404541
256.34;158.51;28.61634826660156;29.01671028137207;28.229717254638672;2.750151872634888;3.631108283996582;0.6163482666015625;2.2012438774108887
263.18;173.83;27.91283416748047;28.23409843444824;27.48063087463379;2.6993587017059326;0.8360658884048462;-0.0871658325195312;0.3113065361976623
290.01;206.2;27.613046646118164;27.9110164642334;27.1961669921875;2.588810682296753;0.0;-0.3869533538818359;1.3819762468338013
268.41;172.5;28.62324523925781;28.9300537109375;28.2103214263916;2.514502763748169;3.321620464324951;0.6232452392578125;2.2258758544921875
280.01;205.36;26.715856552124023;27.01264190673828;26.278413772583008;2.748286008834839;0.0;-1.2841434478759766;4.586226463317871
289.7;214.07;26.89219284057617;27.1618709564209;26.48495101928711;2.5171616077423096;0.0;-1.107807159423828;3.956454277038574
288.42;210.15;27.10342025756836;27.39564323425293;26.71187210083008;2.522822380065918;0.0;-0.8965797424316406;3.202070713043213
244.2;135.87;30.140989303588867;30.80888938903809;29.71678733825684;3.623311996459961;10.031747817993164;2.140989303588867;7.646389961242676
283.29;181.36;29.303380966186523;29.692646026611328;28.82986259460449;2.9443135261535645;6.045164585113525;1.3033809661865234;4.654932022094727
242.71;140.13;29.279590606689453;29.88518142700196;28.88652801513672;3.4107491970062256;6.732790946960449;1.2795906066894531;4.5699663162231445
286.42;202.65;27.579965591430664;27.881563186645508;27.1043758392334;2.817941665649414;0.0;-0.4200344085693359;1.5001229047775269
256.16;150.66;29.486948013305664;29.973329544067383;29.10688018798828;2.9384164810180664;7.047605514526367;1.486948013305664;5.310528755187988
247.31;164.35;26.98379707336425;27.3347282409668;26.640186309814453;2.5739221572875977;0.0;-1.0162029266357422;3.62929630279541
264.28;169.79;28.41316604614257;28.726184844970703;28.023496627807617;2.4731078147888184;2.593517303466797;0.4131660461425781;1.4755929708480835
294.62;207.27;27.97518348693848;28.26269149780273;27.56432342529297;2.496384382247925;0.9381839036941528;-0.0248165130615234;0.0886304005980491
248.22;140.9;29.847108840942383;30.43244171142578;29.45022201538086;3.290836811065674;8.687292098999023;1.8471088409423828;6.5968170166015625
245.6;147.94;28.564990997314453;29.082002639770508;28.192777633666992;3.112988948822021;3.86429500579834;0.5649909973144531;2.01782488822937
260.7;151.83;29.864965438842773;30.35166931152344;29.49045753479004;2.883685827255249;8.398818969726562;1.8649654388427728;6.660591125488281
289.85;195.64;28.6091251373291;28.92642402648925;28.109643936157227;2.854963541030884;3.308657169342041;0.6091251373291016;2.1754469871521
259.48;163.2;28.46109199523925;28.82532501220703;28.09699249267578;2.5590462684631348;2.94758939743042;0.4610919952392578;1.6467571258544922
275.47;199.79;26.752933502197266;27.052921295166016;26.30185890197754;2.8074021339416504;0.0;-1.2470664978027344;4.453808784484863
294.98;208.05;27.93997383117676;28.2380428314209;27.506271362304688;2.619084358215332;0.8501529693603516;-0.0600261688232421;0.2143791615962982
299.37;216.93;27.560577392578125;27.837251663208008;27.14712905883789;2.504020929336548;0.0;-0.439422607421875;1.569366455078125
254.94;147.27;29.76494598388672;30.3071517944336;29.36736297607422;3.1573679447174072;8.239828109741211;1.7649459838867188;6.303378105163574
253.46;147.9;29.51726150512696;30.047887802124023;29.12425804138184;3.129117488861084;7.313884735107422;1.5172615051269531;5.4187912940979
295.92;195.86;29.18693923950196;29.511613845825195;28.63862419128418;2.991028547286988;5.398621082305908;1.1869392395019531;4.239068508148193
282.35;195.81;27.83408737182617;28.1396541595459;27.41021156311035;2.620680809020996;0.4987648725509643;-0.1659126281738281;0.5925450921058655
242.22;140.18;29.20307922363281;29.809614181518555;28.81486701965332;3.4063093662261963;6.462907791137695;1.2030792236328125;4.296711444854736
269.44;175.71;28.41411399841309;28.72578239440918;27.983890533447266;2.610997676849365;2.5920798778533936;0.4141139984130859;1.4789785146713257
287.09;211.96;26.817100524902344;27.09840202331543;26.4044246673584;2.5878164768218994;0.0;-1.1828994750976562;4.224640846252441
287.41;198.35;28.092435836791992;28.39585876464844;27.65704345703125;2.62994384765625;1.4137812852859497;0.0924358367919921;0.3301279842853546
294.72;215.92;27.19698905944824;27.48662757873535;26.79080009460449;2.5584726333618164;0.0;-0.8030109405517578;2.867896318435669
290.44;214.92;26.88250160217285;27.17414283752441;26.491012573242188;2.541170835494995;0.0;-1.1174983978271484;3.991065502166748
275.59;199.42;26.814468383789062;27.108049392700195;26.4074935913086;2.6126036643981934;0.0;-1.1855316162109375;4.234041690826416
271.5;177.79;28.38764381408692;28.76058387756348;27.938390731811523;2.8963065147399902;2.7163710594177246;0.387643814086914;1.3844422101974487
292.61;202.24;28.252683639526367;28.577709197998047;27.7817325592041;2.8173487186431885;2.0632472038269043;0.2526836395263672;0.9024416208267212
260.21;145.65;30.63690948486328;31.166736602783203;30.23151016235352;3.0526134967803955;11.309773445129396;2.636909484863281;9.41753387451172
254.34;157.19;28.52987098693848;28.93242454528809;28.165225982666016;2.6891064643859863;3.330087661743164;0.5298709869384766;1.8923964500427248
250.35;164.69;27.29812812805176;27.64139938354492;26.946733474731445;2.5447380542755127;0.0;-0.7018718719482422;2.506685256958008
249.4;164.89;27.1728630065918;27.498491287231445;26.82107734680176;2.4929795265197754;0.0;-0.8271369934082031;2.9540607929229736
299.97;225.2;26.85612869262696;27.13349914550781;26.4482421875;2.551584959030152;0.0;-1.1438713073730469;4.085254669189453
260.31;145.92;30.588342666625977;31.159746170043945;30.18075180053711;3.200547456741333;11.284808158874512;2.588342666625977;9.244080543518066
259.24;173.54;27.497943878173828;27.817466735839844;27.071422576904297;2.713090658187866;0.0;-0.5020561218261719;1.7930576801300049
258.88;160.0;28.745899200439453;29.1337890625;28.36712074279785;2.667052745819092;4.049246788024902;0.7458992004394531;2.663925647735596
295.11;215.87;27.246925354003903;27.54436492919922;26.85573387145996;2.527371644973755;0.0;-0.7530746459960938;2.6895523071289062
241.11;142.54;28.73386001586914;29.28328323364257;28.35017204284668;3.247427225112915;4.583154201507568;0.7338600158691406;2.6209285259246826
285.31;191.86;28.51170539855957;28.82980155944824;28.05649757385254;2.712233304977417;2.9635770320892334;0.5117053985595703;1.827519178390503
257.44;171.69;27.47401237487793;27.79798889160156;27.06316566467285;2.674612045288086;0.0;-0.5259876251220703;1.8785271644592283
273.28;173.82;29.03315734863281;29.35892677307129;28.582658767700195;2.673729181289673;4.853310108184815;1.0331573486328125;3.689847469329834
251.89;150.55;28.98041725158692;29.474559783935547;28.61202049255371;2.976283311843872;5.266284942626953;0.980417251586914;3.5014901161193848
261.67;171.6;27.93188095092773;28.260330200195312;27.534229278564453;2.5995419025421143;0.929750680923462;-0.0681190490722656;0.2432823181152343
251.34;166.86;27.23051071166992;27.55124282836914;26.85475349426269;2.557753324508667;0.0;-0.7694892883300781;2.748176097869873
255.71;170.49;27.40497398376465;27.71223258972168;27.018903732299805;2.529937982559204;0.0;-0.5950260162353516;2.1250929832458496
275.35;188.25;27.805072784423828;28.14432907104492;27.352807998657227;2.846678733825684;0.5154609680175781;-0.1949272155761718;0.6961686015129089
299.78;211.36;28.09706687927246;28.389848709106445;27.676816940307617;2.5377445220947266;1.392316818237305;0.0970668792724609;0.3466674387454986
297.01;210.67;27.899385452270508;28.186662673950195;27.482139587402344;2.5252277851104736;0.6666523814201355;-0.1006145477294921;0.3593376576900482
283.61;193.67;28.15815162658692;28.47450256347656;27.71367454528809;2.70198130607605;1.694652080535889;0.158151626586914;0.5648272633552551
241.12;159.62;26.75489997863769;27.115612030029297;26.418880462646484;2.6041269302368164;0.0;-1.245100021362305;4.446785926818848
295.64;213.78;27.495086669921875;27.770252227783203;27.089006423950195;2.4776999950408936;0.0;-0.504913330078125;1.803261995315552
256.02;154.37;29.02089500427246;29.47666549682617;28.660306930541992;2.813002586364746;5.273805141448975;1.020895004272461;3.646053791046143
243.77;146.63;28.517528533935547;29.019350051879883;28.163429260253903;3.001384735107422;3.640535831451416;0.5175285339355469;1.848316192626953
259.45;171.47;27.71442985534668;28.04469871520996;27.2962646484375;2.700521230697632;0.1596382707357406;-0.2855701446533203;1.0198934078216553
274.02;179.18;28.5421142578125;28.901901245117188;28.05828285217285;2.955696821212769;3.221076011657715;0.5421142578125;1.9361224174499512
297.21;202.85;28.649524688720703;28.944564819335938;28.22278594970703;2.519339799880981;3.373445987701416;0.6495246887207031;2.319730997085572
287.92;187.23;29.19515419006348;29.57780647277832;28.68203353881836;3.068224668502808;5.63502311706543;1.1951541900634766;4.268407821655273
242.69;137.74;29.649002075195312;30.2963981628418;29.23661422729492;3.5744338035583496;8.201421737670898;1.6490020751953125;5.889293193817139
271.93;169.89;29.24278259277344;29.5869083404541;28.82773399353028;2.5961084365844727;5.667529582977295;1.2427825927734375;4.438509464263916
250.47;156.31;28.162813186645508;28.574359893798828;27.80360221862793;2.736792087554932;2.0512852668762207;0.1628131866455078;0.5814756751060486
247.57;141.55;29.642507553100582;30.24740600585937;29.26697158813477;3.3075287342071533;8.026450157165527;1.642507553100586;5.866098403930664
256.66;156.64;28.85157966613769;29.283565521240234;28.484453201293945;2.769735097885132;4.584162712097168;0.8515796661376953;3.041355848312378
289.65;187.72;29.32627487182617;29.70359230041504;28.826005935668945;2.9924917221069336;6.084258079528809;1.326274871826172;4.736695766448975
278.77;189.61;28.042638778686523;28.36571502685547;27.573680877685547;2.824392318725586;1.3061250448226929;0.0426387786865234;0.1522813588380813
248.03;150.22;28.574365615844727;29.05055046081543;28.20685577392578;2.952627897262573;3.751965999603272;0.5743656158447266;2.0513057708740234
241.69;161.31;26.640851974487305;26.99661445617676;26.29819679260254;2.6216042041778564;0.0;-1.359148025512695;4.854100227355957
274.59;190.98;27.50048446655273;27.80531883239746;27.044265747070312;2.767416954040528;0.0;-0.4995155334472656;1.7839839458465576
258.61;149.11;29.969913482666016;30.477787017822266;29.592782974243164;2.952975034713745;8.849239349365234;1.969913482666016;7.035405158996582
269.87;170.67;28.951366424560547;29.267391204833984;28.54044342041016;2.510927438735962;4.526397228240967;0.9513664245605468;3.3977370262146
268.67;177.87;28.094053268432617;28.414905548095703;27.64784049987793;2.7303466796875;1.4818055629730225;0.0940532684326171;0.3359045386314392
265.2;159.24;29.540302276611328;29.963211059570312;29.170631408691406;2.683045148849488;7.011467933654785;1.540302276611328;5.501079559326172
254.17;158.59;28.3498592376709;28.735137939453125;27.986549377441406;2.64053726196289;2.625492572784424;0.3498592376708984;1.2494972944259644
250.14;159.99;27.742786407470703;28.11790657043457;27.382078170776367;2.6523234844207764;0.4210948944091797;-0.2572135925292969;0.918619990348816
247.42;166.03;26.843870162963867;27.170181274414062;26.495609283447266;2.512946128845215;0.0;-1.1561298370361328;4.129034996032715
295.76;205.15;28.27854347229004;28.57347869873047;27.85454559326172;2.5423271656036377;2.04813814163208;0.278543472290039;0.9947980642318726
256.13;169.09;27.568405151367188;27.881471633911133;27.204769134521484;2.4546306133270264;0.0;-0.4315948486328125;1.541410207748413
289.84;192.09;28.95026397705078;29.280162811279297;28.450069427490234;2.8673083782196045;4.572010040283203;0.9502639770507812;3.3937997817993164
279.16;195.3;27.55205345153809;27.845462799072266;27.103591918945312;2.692615509033203;0.0;-0.447946548461914;1.599809169769287
288.99;215.96;26.65550994873047;26.94588088989257;26.265344619750977;2.553079128265381;0.0;-1.3444900512695312;4.801750183105469
266.25;182.94;27.360145568847656;27.68195343017578;26.950563430786133;2.6731948852539062;0.0;-0.6398544311523438;2.285194396972656
260.13;155.94;29.32224464416504;29.76524353027344;28.95186996459961;2.7739129066467285;6.304441452026367;1.322244644165039;4.722302436828613
263.59;175.39;27.81861114501953;28.12850952148437;27.370471954345703;2.7249295711517334;0.4589625597000122;-0.1813888549804687;0.6478173136711121
298.49;226.46;26.59161758422852;26.88501739501953;26.167984008789062;2.6964640617370605;0.0;-1.4083824157714844;5.029937267303467
256.16;155.05;28.979272842407227;29.409730911254883;28.605613708496094;2.774801015853882;5.034753322601318;0.9792728424072266;3.497403144836426
263.47;161.68;29.05634307861328;29.44739151000977;28.69315719604492;2.595764875411988;5.169255256652832;1.0563430786132812;3.772654056549072
251.9;154.9;28.4887638092041;28.9478816986084;28.130447387695312;2.869321823120117;3.385291576385498;0.4887638092041015;1.7455849647521973
240.82;159.07;26.7679500579834;27.136674880981445;26.43574333190918;2.6185476779937744;0.0;-1.2320499420166016;4.4001784324646
262.57;176.21;27.598133087158203;27.943204879760746;27.163206100463867;2.8262736797332764;0.0;-0.4018669128417969;1.4352389574050903
244.1;153.87;27.701833724975582;28.13640213012696;27.34496307373047;2.8569915294647217;0.487150490283966;-0.298166275024414;1.0648795366287231
294.23;192.85;29.319963455200195;29.6669979095459;28.81249618530273;2.914402484893799;5.953564167022705;1.319963455200195;4.714155197143555
258.38;146.5;30.28554344177246;30.825035095214844;29.880916595458984;3.117389917373657;10.089410781860352;2.285543441772461;8.162654876708984
253.8;146.01;29.79840087890625;30.342464447021484;29.41590118408203;3.1094393730163574;8.365944862365723;1.79840087890625;6.422860145568848
283.96;191.18;28.412094116210938;28.74578285217285;27.962310791015625;2.757530212402344;2.6635100841522217;0.4120941162109375;1.4717646837234497
288.5;205.67;27.530786514282227;27.80217742919922;27.11368751525879;2.500800132751465;0.0;-0.4692134857177734;1.675762414932251
245.4;152.64;27.992164611816406;28.423559188842773;27.642879486083984;2.7889223098754883;1.5127114057540894;-0.0078353881835937;0.0279835276305675
290.81;194.68;28.79777908325196;29.10293197631836;28.36735916137696;2.554269313812256;3.939042568206787;0.7977790832519531;2.8492109775543213
267.35;181.13;27.628232955932617;27.971864700317383;27.190977096557617;2.826411724090576;0.0;-0.3717670440673828;1.3277394771575928
292.23;219.92;26.608556747436523;26.904624938964844;26.199987411499023;2.6481614112854004;0.0;-1.3914432525634766;4.96943998336792
281.77;202.48;27.148542404174805;27.44919204711914;26.73116111755371;2.6448230743408203;0.0;-0.8514575958251953;3.0409200191497803
285.49;209.06;26.916465759277344;27.20077133178711;26.52090644836425;2.5258326530456543;0.0;-1.0835342407226562;3.869765281677246
258.93;173.18;27.495548248291016;27.82878875732422;27.07925796508789;2.7260076999664307;0.0;-0.5044517517089844;1.8016133308410645
255.65;171.73;27.28549575805664;27.59237289428711;26.87430000305176;2.631701946258545;0.0;-0.7145042419433594;2.5518009662628174
272.02;195.62;26.794931411743164;27.07015037536621;26.370830535888672;2.609895944595337;0.0;-1.205068588256836;4.303816318511963
264.37;159.36;29.42218017578125;29.83055305480957;29.056997299194336;2.629158496856689;6.537689208984375;1.42218017578125;5.079215049743652
252.42;165.1;27.5013484954834;27.82911491394043;27.131675720214844;2.536018133163452;0.0;-0.4986515045166015;1.7808983325958252
289.93;190.85;29.095762252807617;29.428157806396484;28.630821228027344;2.740387201309204;5.1005635261535645;1.0957622528076172;3.9134364128112793
287.29;193.81;28.52280807495117;28.834453582763672;28.03802299499512;2.7922587394714355;2.980191469192505;0.5228080749511719;1.8671717643737795
241.08;159.98;26.70371055603028;27.061437606811523;26.35679244995117;2.638753652572632;0.0;-1.2962894439697266;4.629605293273926
246.83;140.3;29.757184982299805;30.37301254272461;29.37112808227539;3.366865634918213;8.475045204162598;1.757184982299805;6.275660514831543
283.82;200.19;27.556684494018555;27.87050437927246;27.108530044555664;2.7651162147521973;0.0;-0.4433155059814453;1.5832695960998535
279.97;192.84;27.85438346862793;28.18961334228516;27.385303497314453;2.88755202293396;0.6771904826164246;-0.1456165313720703;0.5200590491294861
290.82;190.57;29.195297241210938;29.55862617492676;28.6968936920166;2.9516139030456543;5.566522121429443;1.1952972412109375;4.268918514251709
296.41;196.61;29.164703369140625;29.50717735290528;28.62843132019043;3.013046264648437;5.382776260375977;1.164703369140625;4.1596550941467285
297.1;218.44;27.23051643371582;27.52391242980957;26.8260498046875;2.562796115875244;0.0;-0.7694835662841797;2.7481555938720703
252.89;141.62;30.30183219909668;30.897729873657227;29.899412155151367;3.2945785522460938;10.349035263061523;2.30183219909668;8.220829010009766
292.02;206.39;27.789777755737305;28.10255622863769;27.35776901245117;2.6800761222839355;0.3662722408771515;-0.2102222442626953;0.7507937550544739
285.77;188.1;28.934703826904297;29.24667358398437;28.460670471191406;2.716471910476685;4.452405452728272;0.9347038269042968;3.3382277488708496
244.21;145.75;28.68096351623535;29.18700218200684;28.31186866760254;3.05126953125;4.239293575286865;0.6809635162353516;2.4320125579833984
248.69;143.31;29.54497718811035;30.099868774414062;29.16522979736328;3.1634445190429688;7.499531745910644;1.5449771881103516;5.517775535583496
242.44;135.5;30.001895904541016;30.66313362121582;29.562875747680664;3.667294502258301;9.511191368103027;2.001895904541016;7.149628639221191
252.39;142.9;30.050365447998047;30.640209197998047;29.65768241882324;3.2696001529693604;9.42931842803955;2.050365447998047;7.3227338790893555
270.36;172.79;28.77132034301757;29.09895896911621;28.332195281982425;2.6650278568267822;3.9248533248901367;0.7713203430175781;2.7547154426574707
251.24;143.56;29.82393264770508;30.37659454345703;29.435136795043945;3.1567189693450928;8.487837791442871;1.823932647705078;6.514044761657715
298.57;225.15;26.733949661254883;27.010467529296875;26.30548095703125;2.6370460987091064;0.0;-1.2660503387451172;4.521608352661133
263.49;164.89;28.740684509277344;29.10749626159668;28.36286354064941;2.5908663272857666;3.955343723297119;0.7406845092773438;2.645301818847656
250.7;149.77;28.942413330078125;29.44521141052246;28.581602096557617;2.9838883876800537;5.161469459533691;0.942413330078125;3.3657617568969727
248.86;143.54;29.53922271728516;30.089210510253903;29.145639419555664;3.19429898262024;7.461465835571289;1.5392227172851562;5.497223854064941
261.09;165.4;28.440303802490234;28.79768753051757;28.052810668945312;2.619088888168335;2.848884105682373;0.4403038024902344;1.5725135803222656
264.21;172.55;28.14596176147461;28.467018127441406;27.71431350708008;2.67428994178772;1.667921781539917;0.1459617614746093;0.5212920308113098
255.07;169.93;27.372934341430664;27.68248176574707;26.9880599975586;2.53689193725586;0.0;-0.6270656585693359;2.239520311355591
254.45;155.98;28.65144157409668;29.069839477539062;28.30182266235352;2.6805520057678223;3.820855140686035;0.6514415740966797;2.3265769481658936
244.49;138.83;29.706769943237305;30.31786155700684;29.302473068237305;3.418037414550781;8.278077125549316;1.706769943237305;6.095606803894043
264.75;154.86;29.97773551940918;30.42976760864257;29.60189247131348;2.7616333961486816;8.677741050720215;1.97773551940918;7.06334114074707
245.72;144.47;29.02888870239257;29.566574096679688;28.645490646362305;3.1729891300201416;5.594907283782959;1.028888702392578;3.674602508544922
244.27;136.47;30.041728973388672;30.70245933532715;29.635461807250977;3.551718235015869;9.651640892028809;2.041728973388672;7.291889190673828
290.56;189.08;29.309776306152344;29.651338577270508;28.84689712524414;2.7446181774139404;5.897637844085693;1.3097763061523438;4.677772521972656
264.39;176.1;27.811473846435547;28.12513542175293;27.39649200439453;2.6199381351470947;0.4469122290611267;-0.1885261535644531;0.6733077168464661
281.49;200.55;27.291383743286133;27.57671165466309;26.85934829711914;2.6285343170166016;0.0;-0.7086162567138672;2.53077244758606
272.76;190.49;27.34352684020996;27.648700714111328;26.8996639251709;2.739356756210327;0.0;-0.6564731597900391;2.3445470333099365
299.56;200.4;29.115631103515625;29.42341041564941;28.64616584777832;2.6695096492767334;5.083608627319336;1.115631103515625;3.984396934509277
295.58;218.29;27.084278106689453;27.38482666015625;26.68049049377441;2.600535154342652;0.0;-0.9157218933105468;3.270435333251953
250.2;139.78;30.264169692993164;30.889537811279297;29.842214584350582;3.460604667663574;10.319777488708496;2.264169692993164;8.086319923400879
275.91;179.83;28.68411445617676;29.009504318237305;28.23102378845215;2.713977813720703;3.605372428894043;0.6841144561767578;2.443265914916992
257.85;160.81;28.52514266967773;28.91788482666016;28.165491104125977;2.637650966644287;3.278160095214844;0.5251426696777344;1.87550950050354
288.45;208.71;27.23834800720215;27.526094436645508;26.84546089172364;2.4988062381744385;0.0;-0.7616519927978516;2.7201857566833496
271.05;176.1;28.530975341796875;28.857872009277344;28.1043643951416;2.6410160064697266;3.063828706741333;0.530975341796875;1.896340608596801
248.14;164.12;27.11907958984375;27.457143783569336;26.74884414672852;2.6118130683898926;0.0;-0.88092041015625;3.146144390106201
266.42;178.86;27.742938995361328;28.12820816040039;27.280649185180664;3.055043935775757;0.457886278629303;-0.2570610046386719;0.9180749654769896
288.5;203.33;27.722869873046875;28.034337997436523;27.31231689453125;2.604423999786377;0.1226357072591781;-0.277130126953125;0.9897505044937134
297.96;218.3;27.29973220825196;27.60365295410156;26.82972717285156;2.834920883178711;0.0;-0.7002677917480469;2.5009562969207764
281.66;200.38;27.331796646118164;27.6403923034668;26.89031982421875;2.744321823120117;0.0;-0.6682033538818359;2.3864405155181885
266.7;173.16;28.356006622314453;28.69560432434082;27.938064575195312;2.6715316772460938;2.4843010902404785;0.3560066223144531;1.2714521884918213
256.44;143.3;30.48675537109375;31.07085227966309;30.08897590637207;3.220665454864502;10.967329978942873;2.48675537109375;8.881269454956055
292.27;196.38;28.763370513916016;29.08967399597168;28.25031280517578;2.9181602001190186;3.891692638397217;0.7633705139160156;2.726323366165161
294.42;218.86;26.917585372924805;27.20945930480957;26.513086318969727;2.587055921554565;0.0;-1.082414627075195;3.865766525268554
264.06;177.28;27.646116256713867;27.96794509887696;27.22511100769043;2.6869382858276367;0.0;-0.3538837432861328;1.2638704776763916
280.16;181.45;28.973613739013672;29.36191368103028;28.51890754699707;2.909564971923828;4.863977432250977;0.973613739013672;3.477191925048828
273.27;186.86;27.696638107299805;28.05165672302246;27.25847244262696;2.863828659057617;0.184488296508789;-0.3033618927001953;1.083435297012329
286.27;205.13;27.35793113708496;27.646448135375977;26.935869216918945;2.597341537475586;0.0;-0.6420688629150391;2.293102979660034
287.93;203.34;27.672054290771484;27.97311210632324;27.25654029846192;2.5895142555236816;0.0;-0.3279457092285156;1.1712347269058228
278.57;192.14;27.792739868164062;28.09611320495605;27.34450912475586;2.704318046569824;0.3432614505290985;-0.2072601318359375;0.7402147650718689
279.15;190.91;27.972862243652344;28.27067756652832;27.54065704345703;2.609745502471924;0.966705560684204;-0.0271377563476562;0.0969205573201179
244.66;156.06;27.52720642089844;27.93910026550293;27.19241523742676;2.7125346660614014;0.0;-0.4727935791015625;1.688548564910889
259.87;170.82;27.83804702758789;28.14878273010254;27.422895431518555;2.607536792755127;0.5313668847084045;-0.1619529724121093;0.5784034729003906
279.88;184.11;28.702486038208008;29.0537052154541;28.247026443481445;2.810483932495117;3.763232707977295;0.7024860382080078;2.508878707885742
245.42;168.37;26.4431381225586;26.75022315979004;26.07651710510254;2.5477538108825684;0.0;-1.5568618774414062;5.560221195220947
258.0;148.76;29.9480094909668;30.474580764770508;29.557153701782227;3.063399076461792;8.837788581848145;1.9480094909667969;6.95717716217041
271.19;179.54;28.214216232299805;28.54062461853028;27.771818161010746;2.7248904705047607;1.9308021068573;0.2142162322998047;0.7650579810142517
273.02;188.35;27.5497989654541;27.874670028686523;27.11914253234864;2.7424066066741943;0.0;-0.4502010345458984;1.607860803604126
273.1;175.58;28.81659507751465;29.14940071105957;28.342554092407227;2.7999372482299805;4.105002403259277;0.8165950775146484;2.9164109230041504
282.79;182.84;29.09757423400879;29.44658470153809;28.63609313964844;2.785426616668701;5.1663737297058105;1.097574234008789;3.919908046722412
293.65;226.44;26.17564010620117;26.45016860961914;25.78525733947754;2.540191173553467;0.0;-1.824359893798828;6.515570640563965
290.5;209.61;27.35793685913086;27.65629005432129;26.94869804382324;2.58642315864563;0.0;-0.6420631408691406;2.2930827140808105
284.09;192.41;28.327781677246094;28.64691734313965;27.892194747924805;2.6642489433288574;2.3104190826416016;0.3277816772460937;1.1706488132476809
243.08;138.38;29.589200973510746;30.22425842285156;29.18742179870605;3.504104852676392;7.943779945373535;1.5892009735107422;5.675717830657959
248.32;169.41;26.67539978027344;26.96759414672852;26.315454483032227;2.444723129272461;0.0;-1.3246002197265625;4.730715274810791
284.14;179.77;29.5949821472168;29.935190200805664;29.09258460998535;2.847123146057129;6.911393165588379;1.5949821472167969;5.696364879608154
247.64;169.03;26.63336753845215;26.93881797790528;26.26542854309082;2.528367519378662;0.0;-1.3666324615478516;4.88083028793335
244.19;140.61;29.393285751342773;29.97557258605957;28.99737930297852;3.3279483318328857;7.05561637878418;1.3932857513427734;4.976020336151123
260.6;144.62;30.79986000061035;31.366809844970703;30.402708053588867;3.1302149295806885;12.024320602416992;2.799860000610352;9.999500274658203
243.6;147.57;28.36180686950684;28.865177154541016;28.00854110717773;3.020385980606079;3.089918375015259;0.3618068695068359;1.2921674251556396
263.2;178.35;27.46106338500977;27.75834083557129;27.058757781982425;2.5475454330444336;0.0;-0.5389366149902344;1.9247736930847168
282.25;189.79;28.39159393310547;28.75285148620605;27.92666244506836;2.909977674484253;2.6887552738189697;0.3915939331054687;1.3985497951507568
255.48;175.68;26.884571075439453;27.212623596191406;26.46947860717773;2.7642061710357666;0.0;-1.1154289245605469;3.9836745262146
299.36;199.41;29.20569229125977;29.51990509033203;28.75903511047364;2.6052112579345703;5.428232669830322;1.2056922912597656;4.306044101715088
298.66;212.56;27.882078170776367;28.16622734069824;27.47272109985352;2.487283229827881;0.593669056892395;-0.1179218292236328;0.4211493730545044
266.94;181.29;27.579870223999023;27.908145904541016;27.12797164916992;2.8287816047668457;0.0;-0.4201297760009765;1.5004634857177734
263.09;148.19;30.608497619628903;31.13416862487793;30.224145889282227;2.97310471534729;11.193459510803224;2.6084976196289062;9.316062927246094
299.95;216.12;27.67325210571289;27.9743766784668;27.27397727966309;2.530961751937866;0.0;-0.3267478942871094;1.1669567823410034
246.09;133.96;30.74520301818848;31.43929481506348;30.283123016357425;3.760494947433472;12.283195495605469;2.745203018188477;9.804296493530272
267.55;165.83;29.11240005493164;29.463376998901367;28.742733001708984;2.4753849506378174;5.226346492767334;1.1124000549316406;3.9728574752807617
288.23;211.96;26.92935562133789;27.20237159729004;26.529598236083984;2.498290061950684;0.0;-1.0706443786621094;3.823729991912842
285.08;199.6;27.74294090270996;28.04085159301757;27.333345413208008;2.550220489501953;0.145898550748825;-0.257059097290039;0.9180681705474854
287.24;204.15;27.53895568847656;27.836116790771484;27.12193489074707;2.593351364135742;0.0;-0.4610443115234375;1.6465868949890137
284.04;204.61;27.16703414916992;27.45974349975586;26.746505737304688;2.6253795623779297;0.0;-0.8329658508300781;2.9748780727386475
271.47;182.49;27.9520206451416;28.26001739501953;27.49727249145508;2.72876501083374;0.9286335706710817;-0.0479793548583984;0.1713548451662063
277.99;178.31;29.061140060424805;29.421424865722656;28.5727596282959;2.9202752113342285;5.076517581939697;1.061140060424805;3.789785861968994
258.68;168.66;27.89371490478516;28.231245040893555;27.49664878845215;2.633554697036743;0.8258751630783081;-0.1062850952148437;0.3795896172523498
254.09;149.95;29.313777923583984;29.83413314819336;28.953996658325195;3.002466917037964;6.550475120544434;1.3137779235839844;4.692063808441162
260.46;173.86;27.621078491210938;27.923208236694336;27.197343826293945;2.627936601638794;0.0;-0.3789215087890625;1.353291153907776
248.16;150.47;28.56125259399414;29.057035446166992;28.191007614135746;3.032177209854126;3.775126457214356;0.5612525939941406;2.0044734477996826
240.13;153.01;27.30935859680176;27.75678253173828;26.96684837341309;2.892540216445923;0.0;-0.6906414031982422;2.466576337814331
290.91;207.46;27.5827751159668;27.88796615600586;27.1708984375;2.599693775177002;0.0;-0.4172248840332031;1.4900888204574585
290.7;184.45;29.79804229736328;30.16498565673828;29.30038070678711;2.9015493392944336;7.732091903686523;1.7980422973632812;6.421579360961914
259.35;174.67;27.3962516784668;27.74407768249512;26.971973419189453;2.818284273147583;0.0;-0.6037483215332031;2.1562440395355225
243.69;151.45;27.90961456298828;28.371797561645508;27.563112258911133;2.897515058517456;1.3278484344482422;-0.0903854370117187;0.3228051364421844
294.17;202.53;28.375333786010746;28.68413352966309;27.92252540588379;2.6840498447418213;2.4433341026306152;0.3753337860107422;1.3404778242111206
283.98;196.14;27.94379997253418;28.29389953613281;27.46868133544922;2.9531352519989014;1.049641251564026;-0.0562000274658203;0.2007143795490265
284.54;191.57;28.43329811096192;28.757057189941406;27.966354370117188;2.7809042930603027;2.703775644302368;0.433298110961914;1.5474932193756104
288.83;188.96;29.165742874145508;29.48451232910156;28.72504425048828;2.603973150253296;5.301829814910889;1.1657428741455078;4.16336727142334
281.99;189.56;28.40998268127441;28.73530387878418;27.96553611755371;2.7094974517822266;2.6260852813720703;0.409982681274414;1.464223861694336
291.82;211.47;27.31717872619629;27.607067108154297;26.9079818725586;2.5591413974761963;0.0;-0.6828212738037109;2.438647508621216
255.92;139.04;31.103946685791016;31.74372100830078;30.664522171020508;3.4696524143218994;13.370431900024414;3.103946685791016;11.08552360534668
280.5;192.11;27.970359802246094;28.28508758544922;27.519535064697266;2.737013339996338;1.0181699991226196;-0.0296401977539062;0.1058578491210937
245.55;139.76;29.690296173095703;30.287538528442383;29.29058837890625;3.357831716537476;8.169780731201172;1.6902961730957031;6.03677225112915
268.74;160.35;29.81440162658692;30.22475814819336;29.42513465881348;2.68200421333313;7.945565223693848;1.814401626586914;6.480006217956543
248.66;138.08;30.337406158447266;30.982393264770508;29.91522026062012;3.5176806449890137;10.65140438079834;2.3374061584472656;8.347879409790039
273.13;196.01;26.83676147460937;27.164709091186523;26.37706756591797;2.9349350929260254;0.0;-1.163238525390625;4.154423236846924
281.93;195.31;27.837162017822266;28.13570785522461;27.409534454345703;2.608647346496582;0.4846709370613098;-0.1628379821777343;0.5815642476081848
280.23;180.15;29.132627487182617;29.478254318237305;28.673730850219727;2.761589288711548;5.279479503631592;1.1326274871826172;4.045098304748535
297.09;214.54;27.545936584472656;27.85018539428711;27.106115341186523;2.7011971473693848;0.0;-0.4540634155273437;1.621654987335205
241.69;160.67;26.707948684692383;27.0576400756836;26.36903190612793;2.578289270401001;0.0;-1.2920513153076172;4.614469051361084
245.07;154.26;27.772253036499023;28.180883407592773;27.411602020263672;2.7699639797210693;0.6460121870040894;-0.2277469635009765;0.8133820295333862
271.81;175.51;28.69292640686035;29.06217193603516;28.22907066345215;2.9035074710845947;3.793471336364746;0.6929264068603516;2.4747371673583984
290.38;199.69;28.25394821166992;28.580795288085938;27.7820053100586;2.8271799087524414;2.074268817901612;0.2539482116699219;0.9069578647613524
293.86;220.63;26.71047782897949;26.992305755615234;26.31322288513184;2.5423836708068848;0.0;-1.2895221710205078;4.605436325073242
247.52;143.92;29.33245277404785;29.890056610107425;28.95266914367676;3.195734977722168;6.750202178955078;1.3324527740478516;4.75875997543335
275.08;165.79;29.96637535095215;30.31063461303711;29.58018493652344;2.4375643730163574;8.252266883850098;1.9663753509521484;7.022768974304199
259.03;155.84;29.19672203063965;29.63151931762696;28.83574676513672;2.7255544662475586;5.826854705810547;1.1967220306396484;4.274007320404053
249.54;142.93;29.69964027404785;30.274269104003903;29.314611434936523;3.2312099933624268;8.122389793395996;1.6996402740478516;6.070143699645996
259.5;163.91;28.413005828857425;28.77883720397949;28.02660369873047;2.6474971771240234;2.781561374664306;0.4130058288574219;1.4750207662582395
265.01;158.92;29.553953170776367;29.95542907714844;29.18432235717773;2.609149217605591;6.983675003051758;1.5539531707763672;5.549832820892334
242.03;148.36;28.093595504760746;28.568584442138672;27.735294342041016;2.966121196746826;2.030658721923828;0.0935955047607421;0.3342696726322174
284.39;185.45;29.04597854614257;29.368423461914062;28.572847366333008;2.739023208618164;4.887226581573486;1.045978546142578;3.735637664794922
290.9;191.44;29.12171936035156;29.440677642822266;28.654617309570312;2.699223756790161;5.145277500152588;1.1217193603515625;4.00614070892334
273.36;171.5;29.23618698120117;29.59185218811035;28.815624237060547;2.655024528503418;5.685186386108398;1.236186981201172;4.414953708648682
282.21;188.82;28.47079086303711;28.78340721130371;28.024349212646484;2.6660938262939453;2.7978827953338623;0.4707908630371094;1.6813960075378418
257.93;145.19;30.42491912841797;30.987218856811523;30.01698875427246;3.188932418823242;10.668639183044434;2.4249191284179688;8.660425186157227
281.9;210.02;26.4709415435791;26.758676528930664;26.07713508605957;2.5746777057647705;0.0;-1.5290584564208984;5.460923194885254
268.84;174.04;28.50986099243164;28.84503936767578;28.07681465148925;2.6945929527282715;3.0179977416992188;0.5098609924316406;1.820932149887085
266.72;171.98;28.47212028503418;28.82185935974121;28.02705955505371;2.791501998901367;2.9352118968963623;0.4721202850341797;1.6861438751220703
273.18;171.01;29.274232864379883;29.613250732421875;28.837427139282227;2.6501927375793457;5.761609554290772;1.2742328643798828;4.5508317947387695
254.78;155.75;28.73110580444336;29.145017623901367;28.372217178344727;2.6897692680358887;4.089348793029785;0.7311058044433594;2.611092090606689
248.58;133.63;31.13229179382324;31.82969665527344;30.65093421936035;3.786301612854004;13.677488327026367;3.132291793823242;11.186756134033203
240.23;132.36;30.29990005493164;31.008867263793945;29.83083915710449;3.88789439201355;10.745954513549805;2.2999000549316406;8.213929176330566
256.35;143.62;30.442970275878903;30.997976303100582;30.04202079772949;3.1401519775390625;10.70705795288086;2.4429702758789062;8.724893569946289
269.48;195.33;26.569944381713867;26.85873985290528;26.160743713378903;2.627013921737671;0.0;-1.4300556182861328;5.107341289520264
274.87;165.02;30.01983070373535;30.388851165771484;29.607830047607425;2.6016838550567627;8.531611442565918;2.019830703735352;7.213681221008301
278.37;189.47;28.00774955749512;28.33462905883789;27.554014205932617;2.787138700485229;1.1951037645339966;0.0077495574951171;0.0276769921183586
281.57;206.94;26.73033332824707;27.00935935974121;26.33480453491211;2.523555517196656;0.0;-1.2696666717529297;4.534523963928223
282.11;210.9;26.429672241210938;26.724411010742188;26.026498794555664;2.640638828277588;0.0;-1.5703277587890625;5.60831356048584
277.54;200.47;26.9023666381836;27.23022079467773;26.4400577545166;2.937150716781616;0.0;-1.0976333618164062;3.920119285583496
260.89;164.32;28.518468856811523;28.86465835571289;28.14814186096192;2.512464761734009;3.0880656242370605;0.5184688568115234;1.8516745567321773
283.71;211.32;26.55080795288086;26.82318878173828;26.174678802490234;2.4425244331359863;0.0;-1.4491920471191406;5.175685882568359
257.73;169.66;27.68941879272461;28.006479263305664;27.302413940429688;2.5427234172821045;0.023140225559473;-0.3105812072753906;1.1092185974121094
274.02;182.41;28.198945999145508;28.487768173217773;27.765674591064453;2.56071138381958;1.7420291900634766;0.1989459991455078;0.710521399974823
273.22;186.48;27.77096366882324;28.11924934387207;27.30803871154785;2.921074867248535;0.4258905053138733;-0.2290363311767578;0.8179868459701538
286.98;209.88;26.987287521362305;27.27793312072754;26.566781997680664;2.635133743286133;0.0;-1.012712478637695;3.616830348968506
297.12;230.18;26.140491485595703;26.41501235961914;25.7443904876709;2.5654525756835938;0.0;-1.8595085144042969;6.641101837158203
286.21;212.03;26.71857452392578;27.00928497314453;26.3274154663086;2.552042961120605;0.0;-1.2814254760742188;4.57651948928833
279.49;208.96;26.342227935791016;26.62965965270996;25.965219497680664;2.522338628768921;0.0;-1.6577720642089844;5.920614719390869
250.28;170.48;26.80525016784668;27.11206817626953;26.408830642700195;2.623506546020508;0.0;-1.1947498321533203;4.266963481903076
258.09;172.88;27.432132720947266;27.756410598754883;27.03913116455078;2.614741802215576;0.0;-0.5678672790527344;2.02809739112854
251.8;170.27;26.973573684692383;27.280845642089844;26.610132217407227;2.486557483673096;0.0;-1.0264263153076172;3.6658082008361816
244.2;159.54;27.11726951599121;27.47968101501465;26.76773834228516;2.625421524047852;0.0;-0.8827304840087891;3.152608871459961
246.6;172.67;26.19758987426757;26.499542236328125;25.817237854003903;2.604454755783081;0.0;-1.8024101257324217;6.437178611755371
274.47;213.34;25.485280990600582;25.76149559020996;25.11477851867676;2.5376102924346924;0.0;-2.514719009399414;8.981139183044434
242.11;128.89;31.21679878234864;32.03430938720703;30.71293258666992;4.232903003692627;14.408246994018556;3.216798782348633;11.488567352294922
250.89;138.87;30.49493980407715;31.124605178833008;30.07197380065918;3.4518229961395264;11.15930461883545;2.4949398040771484;8.910499572753906
268.48;147.02;31.43502426147461;31.976703643798828;31.016054153442383;3.0559844970703125;14.202512741088867;3.4350242614746094;12.267943382263184
247.64;114.4;36.0354118347168;37.34089279174805;35.323612213134766;5.598050594329834;33.36033248901367;8.035411834716797;28.697898864746094
250.34;170.69;26.79310417175293;27.08481407165528;26.409238815307617;2.521451950073242;0.0;-1.2068958282470703;4.310342311859131
290.37;233.68;25.22047233581543;25.49796485900879;24.826303482055664;2.663159370422364;0.0;-2.7795276641845703;9.926884651184082
274.82;188.25;27.744918823242188;28.077491760253903;27.30643653869629;2.7790863513946533;0.2767562866210937;-0.2550811767578125;0.9110041856765748
295.91;197.16;29.05231666564941;29.37750625610352;28.58652305603028;2.722616672515869;4.919665336608887;1.052316665649414;3.7582736015319824
245.25;178.61;25.49443244934082;25.8139762878418;25.10175895690918;2.793619155883789;0.0;-2.50556755065918;8.948455810546875
279.55;217.88;25.599863052368164;25.89975547790528;25.18685913085937;2.78476619720459;0.0;-2.400136947631836;8.571917533874512
272.58;192.35;27.15725326538086;27.44327163696289;26.705121994018555;2.718057155609131;0.0;-0.8427467346191406;3.009809732437134
291.62;172.08;31.201889038085938;31.549346923828125;30.73166847229004;2.62060546875;12.676239013671877;3.201889038085937;11.435317993164062
264.74;146.43;31.05158805847168;31.609975814819336;30.64010429382324;3.123420000076294;12.892770767211914;3.05158805847168;10.898529052734377
260.13;135.82;32.1687126159668;32.9068603515625;31.712814331054688;3.711824178695679;17.52450180053711;4.168712615966797;14.888259887695312
274.38;184.98;28.01605224609375;28.357051849365234;27.579910278320312;2.773915529251098;1.275185227394104;0.01605224609375;0.0573294535279274
282.94;184.94;28.94883728027344;29.277862548828125;28.479211807250977;2.7588353157043457;4.5637946128845215;0.9488372802734376;3.388704776763916
259.44;152.78;29.605512619018555;30.066272735595703;29.2336368560791;2.8124353885650635;7.379545211791992;1.605512619018555;5.733973503112793
266.96;154.05;30.346677780151367;30.79738044738769;29.944900512695312;2.8091375827789307;9.990644454956056;2.346677780151367;8.38099193572998
264.78;135.94;32.732967376708984;33.469337463378906;32.27485275268555;3.649179220199585;19.533348083496094;4.732967376708984;16.90345573425293
245.98;129.28;31.65054512023925;32.47422409057617;31.137725830078125;4.222670555114746;15.979372024536133;3.650545120239258;13.037660598754885
245.72;154.73;27.77519989013672;28.214635848999023;27.41964530944824;2.862231731414795;0.7665566205978394;-0.2248001098632812;0.802857518196106
245.63;169.05;26.40380096435547;26.731176376342773;26.02335357666016;2.6807610988616943;0.0;-1.5961990356445312;5.700710773468018
292.81;172.5;31.27335929870605;31.667892456054688;30.80265998840332;2.76667594909668;13.099615097045898;3.2733592987060547;11.690568923950195
267.31;167.22;28.96605682373047;29.314512252807617;28.593679428100582;2.488543033599853;4.694686412811279;0.9660568237304688;3.4502029418945312
272.14;169.79;29.28815460205078;29.627710342407227;28.863250732421875;2.6101324558258057;5.81325101852417;1.2881546020507812;4.600552082061768
291.46;223.7;26.210777282714844;26.482053756713867;25.81675338745117;2.538270235061645;0.0;-1.7892227172851562;6.390081405639648
291.56;217.9;26.739606857299805;27.021766662597656;26.33584785461425;2.5651791095733643;0.0;-1.260393142700195;4.501404285430908
286.98;205.31;27.41067314147949;27.6867904663086;26.996294021606445;2.519078731536865;0.0;-0.5893268585205078;2.104738712310791
283.21;215.69;26.134536743164062;26.4080810546875;25.740461349487305;2.55454969406128;0.0;-1.8654632568359373;6.662368774414063
268.0;141.94;32.117088317871094;32.754669189453125;31.677709579467773;3.35322904586792;16.980960845947266;4.117088317871094;14.703886032104492
251.82;177.19;26.35270881652832;26.634077072143555;25.954086303710938;2.580344915390014;0.0;-1.6472911834716797;5.883183002471924
264.24;194.44;26.10015106201172;26.399553298950195;25.686140060424805;2.733368158340454;0.0;-1.8998489379882808;6.785174369812012
262.4;133.18;32.97861099243164;33.78700637817383;32.48963928222656;3.9339654445648193;20.66787910461425;4.978610992431641;17.78075408935547
263.51;187.32;26.690814971923828;26.976037979125977;26.30049133300781;2.531007766723633;0.0;-1.309185028076172;4.675660610198975
246.11;112.55;36.47090530395508;37.85804748535156;35.72296905517578;5.854196548461914;35.207313537597656;8.470905303955078;30.25323486328125
265.47;155.37;30.02807235717773;30.48006057739257;29.64065170288086;2.7954137325286865;8.857358932495117;2.0280723571777344;7.243115425109863
252.79;126.31;33.24748992919922;34.16795349121094;32.68924331665039;4.44758415222168;22.02840614318848;5.247489929199219;18.74103546142578
256.69;146.42;30.08213996887207;30.62647247314453;29.69182205200196;3.106994390487671;9.380258560180664;2.0821399688720703;7.436214447021484
248.17;139.46;30.065189361572266;30.692588806152344;29.6579532623291;3.441307306289673;9.616388320922852;2.0651893615722656;7.375676155090332
241.14;137.41;29.508527755737305;30.14730834960937;29.10683822631836;3.525998115539551;7.66895866394043;1.508527755737305;5.387598991394043
266.25;149.08;30.874008178710938;31.40732955932617;30.47773551940918;3.010927677154541;12.169034004211426;2.874008178710937;10.264314651489258
273.11;173.5;29.029253005981445;29.34489822387696;28.58875274658203;2.60477066040039;4.803207874298096;1.029253005981445;3.675903797149658
266.9;148.11;31.077747344970703;31.61616897583008;30.66931533813477;3.046725511550904;12.914888381958008;3.077747344970703;10.991954803466797
264.03;161.09;29.194072723388672;29.594789505004883;28.81987190246582;2.6543662548065186;5.695676803588867;1.194072723388672;4.264545440673828
292.1;169.16;31.55678939819336;31.919946670532227;31.107572555541992;2.574324369430542;13.99980926513672;3.55678939819336;12.70281982421875
278.23;151.92;31.92511940002441;32.42690658569336;31.52200126647949;2.8344619274139404;15.810380935668944;3.925119400024414;14.01828384399414
256.3;126.27;33.74032211303711;34.68684768676758;33.14340591430664;4.574472427368164;23.88159942626953;5.740322113037109;20.501150131225582
268.24;182.86;27.57367706298828;27.898828506469727;27.134252548217773;2.772847414016724;0.0;-0.4263229370117187;1.522581934928894
263.17;147.38;30.730144500732425;31.27088737487793;30.338808059692383;3.0331106185913086;11.681740760803224;2.730144500732422;9.750515937805176
242.64;146.15;28.417030334472656;28.92457389831543;28.063879013061523;3.028799533843994;3.3020496368408203;0.4170303344726562;1.4893940687179563
257.04;187.36;25.9820499420166;26.299291610717773;25.59982109069824;2.692129850387573;0.0;-2.0179500579833984;7.206964492797852
286.96;224.21;25.759763717651367;26.03255844116211;25.375545501708984;2.550539493560791;0.0;-2.240236282348633;8.00084400177002
262.46;139.03;31.917133331298828;32.600704193115234;31.4686336517334;3.546905517578125;16.43108558654785;3.917133331298828;13.989761352539062
269.94;218.59;24.645648956298828;24.90777015686035;24.28017234802246;2.546485185623169;0.0;-3.354351043701172;11.979825019836426
264.53;193.47;26.19958877563477;26.531667709350582;25.758031845092773;2.952855110168457;0.0;-1.8004112243652344;6.43004035949707
256.28;120.03;35.48768997192383;36.58649444580078;34.80045318603516;5.0328474044799805;30.66604995727539;7.487689971923828;26.741748809814453
249.28;143.18;29.64148712158203;30.21637725830078;29.24074363708496;3.2914464473724365;7.915633201599121;1.6414871215820312;5.862453937530518
292.95;200.2;28.470888137817383;28.7805404663086;28.045839309692383;2.5805346965789795;2.787644624710083;0.4708881378173828;1.6817433834075928
252.15;182.81;25.87356185913086;26.160194396972656;25.484987258911133;2.6096413135528564;0.0;-2.1264381408691406;7.594422340393066
276.34;158.99;30.84430313110352;31.285541534423828;30.43755149841309;2.7492597103118896;11.734076499938965;2.844303131103516;10.158225059509276
245.24;182.73;25.16254615783692;25.43801689147949;24.788389205932617;2.5817246437072754;0.0;-2.837453842163086;10.133763313293455
276.17;224.61;24.72404289245605;24.98562812805176;24.37405586242676;2.473593235015869;0.0;-3.2759571075439453;11.699847221374512
255.04;159.26;28.37114906311035;28.78009986877441;28.01833915710449;2.684983730316162;2.7860710620880127;0.3711490631103515;1.32553231716156
258.71;127.0;33.9102668762207;34.81233596801758;33.31588363647461;4.41297721862793;24.32977104187012;5.910266876220703;21.108095169067383
263.06;139.52;31.905153274536133;32.57769775390625;31.466121673583984;3.484001636505127;16.348920822143555;3.905153274536133;13.946975708007812
285.54;194.88;28.2352352142334;28.554567337036133;27.80562210083008;2.652519941329956;1.980597734451294;0.2352352142333984;0.8401257991790771
259.18;191.6;25.844038009643555;26.12614822387696;25.44633102416992;2.630460500717163;0.0;-2.1559619903564453;7.699864387512207
291.35;234.69;25.21322250366211;25.48322868347168;24.83688163757324;2.563524007797241;0.0;-2.78677749633789;9.952776908874512
246.91;121.73;33.64876174926758;34.6654167175293;33.02935028076172;4.862189292907715;23.8050594329834;5.648761749267578;20.174148559570312
248.53;186.83;25.130661010742188;25.436357498168945;24.67890357971192;3.0140628814697266;0.0;-2.8693389892578125;10.247639656066896
254.23;159.34;28.29802703857422;28.69051551818848;27.921396255493164;2.717925310134888;2.4661269187927246;0.2980270385742187;1.0643823146820068
245.1;144.17;28.99668884277344;29.53603744506836;28.61274719238281;3.184123039245605;5.4858479499816895;0.9966888427734376;3.559603214263916
298.52;216.34;27.521514892578125;27.82609367370605;27.11327743530273;2.5900325775146484;0.0;-0.478485107421875;1.7088754177093506
273.13;175.29;28.857187271118164;29.170284271240234;28.43464469909668;2.5492420196533203;4.179586887359619;0.8571872711181641;3.061383008956909
247.47;188.96;24.841449737548828;25.14501571655273;24.41119766235352;2.9540066719055176;0.0;-3.158550262451172;11.280536651611328
245.54;111.54;36.75991821289063;38.16592788696289;36.02164840698242;5.833199977874756;36.306884765625;8.759918212890625;31.2854232788086
282.67;154.47;32.12052917480469;32.618980407714844;31.723087310791016;2.7891604900360107;16.49635887145996;4.120529174804688;14.716175079345703
285.11;159.91;31.72868537902832;32.172847747802734;31.3198356628418;2.6884570121765137;14.90302848815918;3.72868537902832;13.316734313964844
258.6;168.86;27.86679077148437;28.17416763305664;27.49151611328125;2.449695587158203;0.6220272779464722;-0.133209228515625;0.4757472276687622
277.39;169.01;29.94453239440918;30.28424072265625;29.53213119506836;2.5116755962371826;8.158002853393555;1.94453239440918;6.944758415222168
258.59;194.3;25.53282928466797;25.829723358154297;25.09872817993164;2.862962007522583;0.0;-2.4671707153320312;8.811324119567871
267.08;207.29;25.280014038085938;25.53683280944824;24.90314674377441;2.5066680908203125;0.0;-2.7199859619140625;9.714235305786133
252.73;190.39;25.28740119934082;25.595272064208984;24.876609802246094;2.841977596282959;0.0;-2.71259880065918;9.68785285949707
275.21;173.2;29.28659439086914;29.607097625732425;28.84158515930176;2.6138665676116943;5.7396345138549805;1.2865943908691406;4.594979763031006
244.53;165.53;26.56354713439941;26.889137268066406;26.20757102966309;2.565795421600342;0.0;-1.436452865600586;5.130188941955566
285.18;186.33;29.006813049316406;29.38066673278809;28.55169486999512;2.8578524589538574;4.930952548980713;1.0068130493164062;3.5957608222961426
248.05;151.51;28.40921401977539;28.8809814453125;28.04387283325196;2.946609735488892;3.1463623046875;0.4092140197753906;1.461478590965271
262.67;165.46;28.616321563720703;28.981098175048828;28.219226837158203;2.6623663902282715;3.5039219856262207;0.6163215637207031;2.201148509979248
272.59;213.9;25.272436141967773;25.537643432617188;24.87744903564453;2.61231017112732;0.0;-2.7275638580322266;9.741299629211426
249.01;185.84;25.283519744873047;25.58375358581543;24.894184112548828;2.727347612380981;0.0;-2.716480255126953;9.701715469360352
261.36;149.12;30.28946113586425;30.808074951171875;29.902971267700195;2.988180160522461;10.028839111328123;2.289461135864258;8.176647186279297
297.75;194.2;29.544063568115234;29.884727478027344;29.05496597290039;2.808555841445923;6.731169700622559;1.5440635681152344;5.514512538909912
299.72;181.75;30.998897552490234;31.37989997863769;30.51279830932617;2.797201633453369;12.07107162475586;2.9988975524902344;10.71034812927246
276.23;215.12;25.514833450317383;25.7780704498291;25.1357650756836;2.5173802375793457;0.0;-2.485166549682617;8.875595092773438
296.41;194.86;29.342735290527344;29.65983390808105;28.91461944580078;2.539689779281616;5.927978038787842;1.3427352905273438;4.795483112335205
266.08;179.1;27.70990753173828;28.043466567993164;27.28378677368164;2.7415459156036377;0.1552377492189407;-0.2900924682617187;1.0360444784164429
245.89;215.48;22.594331741333008;22.83816719055176;22.241724014282227;2.639791250228882;0.0;-5.405668258666992;19.305957794189453
258.2;210.88;24.120847702026367;24.380046844482425;23.75393486022949;2.5957295894622803;0.0;-3.879152297973633;13.854114532470703
254.48;156.45;28.603679656982425;29.02912712097168;28.24887466430664;2.72780442237854;3.6754541397094727;0.6036796569824219;2.155998706817627
273.25;180.1;28.384471893310547;28.733375549316406;27.91636085510254;2.8783862590789795;2.6191983222961426;0.3844718933105469;1.3731138706207275
254.74;204.82;24.25980567932129;24.543031692504883;23.887348175048828;2.702756643295288;0.0;-3.740194320678711;13.357837677001951
282.73;150.51;32.62260437011719;33.160186767578125;32.21092987060547;2.909813165664673;18.42923927307129;4.622604370117188;16.509302139282227
243.09;139.23;29.462739944458008;30.075414657592773;29.071107864379883;3.4087352752685547;7.412195205688477;1.4627399444580078;5.224071025848389
247.51;201.64;23.800954818725582;24.059829711914062;23.44118309020996;2.599251270294189;0.0;-4.199045181274414;14.996589660644531
252.81;192.16;25.14046859741211;25.423866271972656;24.68924903869629;2.922050714492798;0.0;-2.85953140258789;10.21261215209961
263.23;204.64;25.11135673522949;25.426292419433597;24.72198486328125;2.804737091064453;0.0;-2.888643264770508;10.316582679748535
287.12;148.24;33.46400833129883;34.04327774047852;33.03324890136719;3.018254280090332;21.5831356048584;5.464008331298828;19.514314651489254
252.46;152.79;28.795804977416992;29.25617218017578;28.420673370361328;2.9014601707458496;4.486329078674316;0.7958049774169922;2.842160701751709
272.23;192.28;27.130977630615234;27.438941955566406;26.695484161376957;2.7402544021606445;0.0;-0.8690223693847656;3.103651285171509
268.86;125.64;35.63456344604492;36.61458587646485;35.00095748901367;4.528267860412598;30.766376495361328;7.634563446044922;27.26629638671875
252.21;143.38;29.96438217163086;30.53682327270508;29.579044342041016;3.1963915824890137;9.060083389282228;1.9643821716308596;7.015650749206543
259.69;206.25;24.635578155517575;24.91457748413086;24.282835006713867;2.564350128173828;0.0;-3.364421844482422;12.015791893005373
249.18;206.59;23.58078384399414;23.8319034576416;23.23255729675293;2.5416719913482666;0.0;-4.419216156005859;15.782915115356444
281.27;178.03;29.460145950317383;29.83389663696289;28.99239158630371;2.8564186096191406;6.549631118774414;1.4601459503173828;5.214807033538818
254.77;168.51;27.4768180847168;27.763925552368164;27.10432243347168;2.400580406188965;0.0;-0.5231819152832031;1.868506908416748
274.21;142.21;32.85013198852539;33.48432922363281;32.388206481933594;3.336737632751465;19.586889266967773;4.850131988525391;17.3218994140625
288.29;131.67;36.68523025512695;37.60848617553711;36.084251403808594;4.154900550842285;34.31602096557617;8.685230255126953;31.01868057250977
248.87;196.75;24.346466064453125;24.592679977416992;23.96741485595703;2.5681967735290527;0.0;-3.653533935546875;13.048336029052734
270.42;139.4;32.83251953125;33.51383972167969;32.37553024291992;3.4670186042785645;19.692285537719727;4.83251953125;17.25899887084961
274.38;177.89;28.711997985839844;29.03492927551269;28.244808197021484;2.751884698867798;3.696176052093506;0.7119979858398438;2.5428500175476074
268.95;128.23;34.965789794921875;35.907527923583984;34.37485885620117;4.383338928222656;28.241172790527344;6.965789794921875;24.87782096862793
276.51;188.8;27.876893997192383;28.195348739624023;27.419034957885746;2.784792900085449;0.6976740956306458;-0.1231060028076171;0.4396643042564392
241.06;137.27;29.516231536865234;30.160051345825195;29.116981506347656;3.533885717391968;7.714468955993652;1.5162315368652344;5.415112495422363
268.22;182.96;27.56472969055176;27.87734031677246;27.13863754272461;2.67988395690918;0.0;-0.4352703094482422;1.5545368194580078
283.44;209.91;26.640146255493164;26.92690086364746;26.24689674377441;2.552554130554199;0.0;-1.359853744506836;4.8566203117370605
263.86;194.5;26.045372009277344;26.360759735107425;25.63062286376953;2.8033268451690674;0.0;-1.954627990722656;6.980813980102539
262.57;207.76;24.789430618286133;25.064838409423828;24.423812866210938;2.5858824253082275;0.0;-3.210569381713867;11.46631908416748
276.71;136.41;34.18241500854492;34.93567657470703;33.66463088989258;3.718419790267944;24.770273208618164;6.182415008544922;22.080053329467773
245.17;194.09;24.18326187133789;24.45618057250977;23.79253387451172;2.7442398071289062;0.0;-3.816738128662109;13.631208419799805
245.38;199.57;23.759069442749023;24.027393341064453;23.386228561401367;2.698610782623291;0.0;-4.240930557250977;15.146181106567385
294.06;219.15;26.857954025268555;27.15286064147949;26.466089248657227;2.5570502281188965;0.0;-1.142045974731445;4.078735828399658
298.96;179.22;31.17960548400879;31.58887481689453;30.644723892211918;3.028104066848755;12.81740951538086;3.179605484008789;11.35573387145996
257.59;154.4;29.206018447875977;29.65851783752441;28.84368896484375;2.789934635162353;5.923277854919434;1.2060184478759766;4.30720853805542
260.81;136.43;32.15518569946289;32.873619079589844;31.68457794189453;3.697820663452149;17.40578269958496;4.155185699462891;14.839948654174805
267.3;204.1;25.56038856506348;25.844078063964844;25.171337127685547;2.6319668292999268;0.0;-2.4396114349365234;8.712898254394531
293.66;130.28;37.74078750610352;38.71127700805664;37.096187591552734;4.2794270515441895;38.25456237792969;9.740787506103516;34.78852844238281
287.61;219.07;26.258649826049805;26.543092727661133;25.85138702392578;2.6342012882232666;0.0;-1.741350173950195;6.219107627868652
260.09;173.58;27.5866756439209;27.89570999145508;27.16448974609375;2.6506283283233643;0.0;-0.4133243560791015;1.4761583805084229
286.89;137.01;35.35847473144531;36.10874938964844;34.82024383544922;3.644120693206787;28.95981979370117;7.358474731445312;26.28026580810547
278.34;176.97;29.22694396972656;29.57511138916016;28.74936866760254;2.8252789974212646;5.625397682189941;1.2269439697265625;4.3819427490234375
272.33;182.44;28.06163215637207;28.370271682739254;27.612998962402344;2.698605298995972;1.3223989009857178;0.0616321563720703;0.2201148569583892
241.83;158.92;26.910419464111328;27.29689598083496;26.557966232299805;2.745887041091919;0.0;-1.089580535888672;3.8913588523864746
290.59;186.64;29.54082489013672;29.894046783447266;29.05182647705078;2.851038694381714;6.764452934265137;1.5408248901367188;5.502945899963379
261.0;145.18;30.78112030029297;31.33855628967285;30.38969039916992;3.08262300491333;11.923415184020996;2.7811203002929688;9.932572364807127
260.28;206.17;24.69483757019043;24.96525001525879;24.347448348999023;2.501744270324707;0.0;-3.3051624298095703;11.80415153503418
264.56;168.16;28.58240127563477;28.900131225585938;28.190963745117188;2.481133222579956;3.214754581451416;0.5824012756347656;2.0800044536590576
274.92;161.56;30.36227035522461;30.772794723510746;29.990455627441406;2.5766818523406982;9.902838706970217;2.3622703552246094;8.43667984008789
298.22;205.73;28.46783828735352;28.755203247070312;28.040599822998047;2.5102131366729736;2.6971545219421387;0.4678382873535156;1.6708509922027588
251.89;186.95;25.482074737548828;25.77412414550781;25.065061569213867;2.7825937271118164;0.0;-2.517925262451172;8.992589950561523
260.46;158.04;29.127391815185547;29.536762237548828;28.75828742980957;2.6726553440093994;5.488436698913574;1.1273918151855469;4.0263991355896
249.94;131.08;31.780916213989254;32.58442687988281;31.288232803344727;4.0785298347473145;16.372953414916992;3.780916213989258;13.503273010253906
298.64;140.86;36.06415939331055;36.79977035522461;35.562984466552734;3.429404258728028;31.427749633789062;8.064159393310547;28.800567626953125
274.22;207.27;25.980337142944336;26.25587272644043;25.59920310974121;2.5275638103485107;0.0;-2.019662857055664;7.213081359863281
286.46;183.86;29.399864196777344;29.772216796875;28.891695022583008;2.994985818862915;6.329345703125;1.3998641967773438;4.999515056610107
251.61;184.86;25.62445831298828;25.990367889404297;25.190370559692383;3.12200665473938;0.0;-2.3755416870117188;8.484077453613281
264.25;217.44;24.20072364807129;24.458452224731445;23.849285125732425;2.517144203186035;0.0;-3.799276351928711;13.568843841552734
273.0;158.58;30.513904571533203;30.957534790039062;30.111682891845703;2.7720210552215576;10.562623977661133;2.513904571533203;8.978230476379395
279.58;179.65;29.07959747314453;29.449752807617188;28.6324405670166;2.8106038570404053;5.1776885986328125;1.0795974731445312;3.8557052612304688
246.46;129.53;31.665563583374023;32.482276916503906;31.141387939453125;4.234533786773682;16.00813102722168;3.665563583374024;13.091299057006836
298.95;214.84;27.695980072021484;27.98562431335449;27.2969913482666;2.486400604248047;0.0;-0.3040199279785156;1.0857855081558228
260.45;168.61;28.09712600708008;28.41101837158203;27.716772079467773;2.4708800315856934;1.4679228067398071;0.0971260070800781;0.3468785881996155
255.9;201.9;24.61998176574707;24.90450859069824;24.235376358032227;2.717842102050781;0.0;-3.3800182342529297;12.071494102478027
280.3;219.04;25.57373046875;25.84512710571289;25.209943771362305;2.483733654022217;0.0;-2.42626953125;8.665247917175293
249.95;124.89;33.210289001464844;34.15719223022461;32.629085540771484;4.60130500793457;21.989973068237305;5.210289001464844;18.60817527770996
277.33;144.77;32.7921142578125;33.42011642456055;32.36229705810547;3.225834608078003;19.35755920410156;4.7921142578125;17.114694595336914
263.59;201.57;25.411039352416992;25.693952560424805;25.030807495117188;2.609673023223877;0.0;-2.588960647583008;9.246288299560549
255.54;139.32;30.99854850769043;31.63163948059082;30.579296112060547;3.394814968109131;12.97014045715332;2.9985485076904297;10.709101676940918
259.51;120.18;35.89963150024414;37.009239196777344;35.213802337646484;5.00126838684082;32.17585372924805;7.899631500244141;28.212970733642575
296.53;200.43;28.81019401550293;29.12125396728516;28.371173858642575;2.6035232543945312;4.004478454589844;0.8101940155029297;2.893550157546997
275.45;173.07;29.324432373046875;29.656414031982425;28.88872337341309;2.6179215908050537;5.915764331817627;1.324432373046875;4.730115413665772
248.8;171.91;26.51360511779785;26.79974365234375;26.12813949584961;2.533054828643799;0.0;-1.4863948822021484;5.308553218841553
270.52;138.97;32.928314208984375;33.604549407958984;32.46113204956055;3.472444534301758;20.01624870300293;4.928314208984375;17.60112190246582
246.31;192.25;24.46699905395508;24.73642349243164;24.08986091613769;2.642590284347534;0.0;-3.533000946044922;12.617860794067385
249.93;158.31;27.88259506225586;28.270484924316406;27.52383804321289;2.6778242588043213;0.9660176038742064;-0.1174049377441406;0.4193033576011657
263.3;166.95;28.55377578735352;28.882062911987305;28.17947769165039;2.46056866645813;3.1502246856689453;0.5537757873535156;1.977770566940308
252.14;186.87;25.525026321411133;25.82662773132324;25.104656219482425;2.828485012054444;0.0;-2.474973678588867;8.839191436767578
267.59;152.42;30.61345863342285;31.08258628845215;30.22379875183105;2.805261373519897;11.009236335754396;2.613458633422852;9.333781242370604
279.27;163.53;30.66898727416992;31.03908348083496;30.269670486450195;2.508765697479248;10.853869438171388;2.668987274169922;9.532097816467283
260.18;187.07;26.33072662353516;26.64644241333008;25.90823173522949;2.803609132766724;0.0;-1.6692733764648438;5.961690425872803
276.38;218.77;25.239715576171875;25.499032974243164;24.866439819335938;2.506340265274048;0.0;-2.760284423828125;9.858159065246582
251.8;164.95;27.42098617553711;27.762453079223636;27.072280883789062;2.516948699951172;0.0;-0.5790138244628906;2.067906618118286
267.19;215.96;24.58498191833496;24.85271453857422;24.216466903686523;2.5879523754119877;0.0;-3.415018081665039;12.196493148803713
299.92;134.58;37.500972747802734;38.37948226928711;36.936336517333984;3.848289012908936;37.069580078125;9.500972747802734;33.93204498291016
283.05;172.73;30.202791213989254;30.57147789001465;29.720962524414062;2.8160159587860107;9.183849334716797;2.202791213989258;7.867111206054687
299.66;124.09;40.32111740112305;41.46173858642578;39.5620346069336;4.711436748504639;48.07763671875;12.321117401123049;44.00399017333984
247.43;139.52;29.964275360107425;30.58253288269043;29.558204650878903;3.418498039245605;9.223331451416016;1.9642753601074217;7.0152692794799805
285.39;140.57;34.485042572021484;35.18146133422852;33.98627853393555;3.4658007621765137;25.64807510375977;6.485042572021484;23.160865783691406
258.04;162.21;28.41146278381348;28.771472930908203;28.04732131958008;2.5488007068634038;2.755260467529297;0.4114627838134765;1.4695099592208862
261.32;139.51;31.675500869750977;32.33854675292969;31.233966827392575;3.4871742725372314;15.494810104370115;3.675500869750977;13.126789093017578
279.58;163.9;30.680503845214844;31.053470611572266;30.24302864074707;2.6415536403656006;10.90525245666504;2.680503845214844;9.573227882385254
259.85;127.34;33.97214126586914;34.889461517333984;33.38883590698242;4.417224407196045;24.6052188873291;5.972141265869141;21.329076766967773
266.76;121.81;36.43428039550781;37.512840270996094;35.74068832397461;4.863968372344971;33.97443008422852;8.434280395507812;30.12242889404297
299.88;213.95;27.868555068969727;28.155282974243164;27.452136993408203;2.5230801105499268;0.5545820593833923;-0.1314449310302734;0.4694461822509765
258.69;217.04;23.694259643554688;23.959774017333984;23.322858810424805;2.688056945800781;0.0;-4.3057403564453125;15.377643585205078
287.72;146.31;33.81882095336914;34.43452835083008;33.37330627441406;3.137962818145752;22.980459213256836;5.818820953369141;20.781503677368164
299.48;195.87;29.551034927368164;29.883670806884766;29.07830238342285;2.7253477573394775;6.727396011352539;1.551034927368164;5.539410591125488
269.96;130.33;34.59172821044922;35.471134185791016;34.030113220214844;4.165796756744385;26.682621002197266;6.591728210449219;23.541887283325195
284.82;235.79;24.555999755859375;24.815357208251953;24.19771957397461;2.515220880508423;0.0;-3.444000244140625;12.30000114440918
243.08;105.62;38.7859992980957;40.51445770263672;38.0448112487793;6.367365837097168;44.69449234008789;10.785999298095703;38.521427154541016
264.16;103.91;42.72368240356445;44.706817626953125;41.74107360839844;6.941686630249023;59.667205810546875;14.723682403564453;52.5845832824707
294.91;189.42;29.735401153564453;30.105377197265625;29.203411102294922;3.0333073139190674;7.519204139709473;1.7354011535644531;6.197861194610596
246.39;210.77;22.984556198120117;23.22270393371582;22.65446662902832;2.472257137298584;0.0;-5.015443801879883;17.91230010986328
244.05;159.97;27.052946090698242;27.413747787475586;26.699234008789062;2.6411681175231934;0.0;-0.9470539093017578;3.3823351860046387
293.57;218.27;26.892215728759766;27.1828670501709;26.479963302612305;2.613781452178955;0.0;-1.1077842712402344;3.9563722610473633
258.31;119.51;35.92967987060547;37.07410430908203;35.24052810668945;5.103235721588135;32.40751647949219;7.929679870605469;28.32028579711914
263.65;168.3;28.471664428710938;28.79617691040039;28.09069061279297;2.477854013442993;2.843488931655884;0.4716644287109375;1.6845157146453857
259.91;124.13;34.82010269165039;35.80772399902344;34.18104934692383;4.671653747558594;27.884727478027344;6.820102691650391;24.35750961303711
250.65;160.58;27.725923538208008;28.102815628051758;27.38011360168457;2.606593132019043;0.3671986758708954;-0.2740764617919922;0.9788445234298706
247.58;229.75;21.737241744995117;21.960227966308594;21.424402236938477;2.465012550354004;0.0;-6.262758255004883;22.366992950439453
282.37;160.94;31.28357696533203;31.70941925048828;30.87896156311035;2.6546123027801514;13.247926712036133;3.2835769653320312;11.727060317993164
265.43;184.87;27.108320236206055;27.438615798950195;26.654621124267578;2.8920814990997314;0.0;-0.8916797637939453;3.184570789337158
268.73;139.33;32.6374626159668;33.3255729675293;32.170753479003906;3.538325071334839;19.0199031829834;4.637462615966797;16.562366485595703
255.27;232.53;22.21887969970703;22.451980590820312;21.893720626831055;2.512547731399536;0.0;-5.781120300292969;20.64685821533203
268.52;118.56;37.73691177368164;38.925899505615234;36.98137664794922;5.152840614318848;39.02106857299805;9.73691177368164;34.77468490600586
296.14;139.06;36.09857177734375;36.8624153137207;35.57874298095703;3.5560197830200195;31.65148162841797;8.09857177734375;28.92346954345703
283.46;132.74;35.81564712524414;36.680538177490234;35.23609924316406;4.03298282623291;31.001922607421875;7.815647125244141;27.91302490234375
274.63;221.35;24.855669021606445;25.122976303100586;24.477073669433594;2.5986130237579346;0.0;-3.1443309783935547;11.229753494262695
262.88;133.26;33.0302848815918;33.820579528808594;32.52730178833008;3.9154303073883057;20.787784576416016;5.030284881591797;17.965303421020508
258.28;220.8;23.375505447387695;23.630163192749023;23.027568817138672;2.577888011932373;0.0;-4.624494552612305;16.51605224609375
264.83;124.68;35.31620788574219;36.329689025878906;34.68913650512695;4.64532470703125;29.748889923095703;7.3162078857421875;26.129314422607422
241.26;161.48;26.564773559570312;26.919822692871094;26.237112045288086;2.5699849128723145;0.0;-1.4352264404296875;5.1258087158203125
276.1;116.28;39.569496154785156;40.942142486572266;38.774147033691406;5.478956699371338;46.22193908691406;11.569496154785156;41.31962966918945
298.17;155.39;33.801998138427734;34.30731201171875;33.344417572021484;2.8486316204071045;22.526113510131836;5.801998138427734;20.72142219543457
283.26;176.67;29.796859741210938;30.155611038208008;29.313501358032227;2.826169013977051;7.698611259460449;1.7968597412109375;6.417356491088867
246.24;191.05;24.556272506713867;24.84018325805664;24.16008186340332;2.7695627212524414;0.0;-3.443727493286133;12.299026489257812
281.12;191.74;28.08452606201172;28.395174026489258;27.657512664794922;2.6265757083892822;1.411335825920105;0.08452606201171875;0.30187878012657166
276.46;138.29;33.79859924316406;34.508663177490234;33.30187225341797;3.57053542137146;23.24522590637207;5.7985992431640625;20.70928382873535
284.18;157.16;31.960556030273438;32.42619705200195;31.51944351196289;2.837101936340332;15.807846069335938;3.9605560302734375;14.144842147827148
260.42;118.02;36.68180465698242;37.87688064575195;35.99085235595703;5.1415910720825195;35.274574279785156;8.681804656982422;31.006446838378906
291.39;164.09;31.98026466369629;32.3557243347168;31.53948402404785;2.5523250102996826;15.556158065795898;3.980264663696289;14.215230941772461
272.17;236.93;23.375667572021484;23.611513137817383;23.034700393676758;2.4675776958465576;0.0;-4.624332427978516;16.515472412109375
259.45;175.64;27.335224151611328;27.636474609375;26.918781280517578;2.625525712966919;0.0;-0.6647758483886719;2.374199390411377
286.02;174.95;30.261384963989258;30.59667205810547;29.81422996520996;2.5856122970581055;9.273828506469727;2.261384963989258;8.076375007629395
240.48;200.84;23.17795753479004;23.435144424438477;22.808631896972656;2.7030532360076904;0.0;-4.822042465209961;17.221580505371094
297.31;158.3;33.332393646240234;33.79540252685547;32.893348693847656;2.70623779296875;20.697866439819336;5.332393646240234;19.04426383972168
299.44;217.92;27.488183975219727;27.772136688232422;27.079906463623047;2.518282890319824;0.0;-0.5118160247802734;1.8279144763946533
261.67;170.1;28.097328186035156;28.405288696289062;27.709129333496094;2.477670907974243;1.4474595785140991;0.09732818603515625;0.34760066866874695
240.79;120.86;33.03548812866211;34.06230545043945;32.41471862792969;4.987324237823486;21.651090621948242;5.035488128662109;17.98388671875
251.86;142.13;30.11924934387207;30.694047927856445;29.701913833618164;3.294020175933838;9.621600151062012;2.1192493438720703;7.568747520446777
260.97;149.09;30.250455856323242;30.75530433654785;29.85222053527832;2.985356092453003;9.840373039245605;2.250455856323242;8.037342071533203
284.34;108.34;44.26449203491211;46.11282730102539;43.35624694824219;6.22752046585083;64.68866729736328;16.26449203491211;58.08747482299805
247.31;221.32;22.31678581237793;22.544614791870117;21.98883056640625;2.490431308746338;0.0;-5.68321418762207;20.29719352722168
285.35;108.66;44.29111099243164;46.135982513427734;43.41885757446289;6.134696006774902;64.7713623046875;16.29111099243164;58.18253707885742
244.35;118.71;34.15223693847656;35.26435089111328;33.49315643310547;5.186173915863037;25.944110870361328;6.1522369384765625;21.972274780273438
289.82;226.54;25.798582077026367;26.07868194580078;25.43008041381836;2.5140976905822754;0.0;-2.201417922973633;7.86220645904541
257.98;146.68;30.206451416015625;30.723583221435547;29.816944122314453;3.0014748573303223;9.727083206176758;2.206451416015625;7.880183219909668
296.69;100.29;49.85859680175781;51.92030334472656;49.24949645996094;5.356762886047363;85.42965698242188;21.858596801757812;78.06641387939453
261.74;108.02;40.803627014160156;42.525142669677734;39.989959716796875;6.213131427764893;51.87550735473633;12.803627014160156;45.727237701416016
243.65;150.02;28.065567016601562;28.540010452270508;27.718372344970703;2.9275662899017334;1.9286086559295654;0.0655670166015625;0.2341679036617279
263.84;175.22;27.860334396362305;28.164648056030273;27.448129653930664;2.5718226432800293;0.5880287885665894;-0.1396656036376953;0.4988057017326355
246.62;120.58;33.93440246582031;34.98681640625;33.30030822753906;4.969906806945801;24.95291519165039;5.9344024658203125;21.194293975830078
290.25;210.44;27.24541473388672;27.55568504333496;26.82042694091797;2.6986489295959473;0.0;-0.7545852661132812;2.6949474811553955
275.07;150.12;31.79323387145996;32.33180236816406;31.372926712036133;3.0159740447998047;15.470722198486328;3.793233871459961;13.547264099121094
270.16;158.09;30.238340377807617;30.661500930786133;29.85566520690918;2.664947032928467;9.50536060333252;2.238340377807617;7.994072914123535
271.73;177.34;28.474523544311523;28.786027908325195;28.034645080566406;2.6387898921966553;2.8072426319122314;0.47452354431152344;1.6947269439697266
273.92;151.5;31.46308708190918;31.971847534179688;31.050710678100586;2.9276747703552246;14.185169219970703;3.4630870819091797;12.368167877197266
255.76;100.69;42.53135299682617;44.49677276611328;41.91038131713867;6.081140995025635;58.91704559326172;14.531352996826172;51.89768600463867
257.65;194.55;25.41082763671875;25.68287467956543;25.022384643554688;2.5992465019226074;0.0;-2.58917236328125;9.247044563293457
264.56;189.99;26.533830642700195;26.855405807495117;26.116727828979492;2.783910036087036;0.0;-1.4661693572998047;5.236319065093994
262.42;153.87;29.842140197753906;30.30797576904297;29.44021224975586;2.907846212387085;8.242770195007324;1.8421401977539062;6.579071998596191
277.24;145.03;32.77056121826172;33.373233795166016;32.3122444152832;3.2376296520233154;19.190120697021484;4.770561218261719;17.037717819213867
261.77;149.79;30.24318504333496;30.74620819091797;29.85332489013672;2.952345371246338;9.807886123657227;2.243185043334961;8.011375427246094
266.18;109.46;40.88091278076172;42.55769348144531;40.01823425292969;6.211845397949219;51.99176025390625;12.880912780761719;46.00326156616211
276.62;179.56;28.801681518554688;29.13328742980957;28.329620361328125;2.7903475761413574;4.047455310821533;0.8016815185546875;2.8631482124328613
241.42;162.31;26.521089553833008;26.85894775390625;26.174606323242188;2.580367088317871;0.0;-1.4789104461669922;5.28182315826416
263.28;117.92;37.160335540771484;38.39518737792969;36.42851638793945;5.292392730712891;37.125667572021484;9.160335540771484;32.715484619140625
256.22;119.45;35.66796112060547;36.783790588378906;34.9736442565918;5.0749921798706055;31.370681762695312;7.667961120605469;27.385574340820312
246.77;117.63;34.83695602416992;36.01402282714844;34.1760139465332;5.276031970977783;28.621509552001953;6.836956024169922;24.417699813842773
260.92;174.3;27.604785919189453;27.924196243286133;27.175867080688477;2.710867404937744;0.0;-0.3952140808105469;1.411478877067566
278.5;165.53;30.38845443725586;30.76947784423828;29.97728157043457;2.6068990230560303;9.890992164611816;2.3884544372558594;8.530194282531738
299.31;204.53;28.69525146484375;29.000205993652344;28.267187118530273;2.554495334625244;3.5721640586853027;0.69525146484375;2.4830410480499268
298.43;213.19;27.793655395507812;28.09233856201172;27.388141632080078;2.533660650253296;0.32978057861328125;-0.2063446044921875;0.7369450330734253
282.72;163.88;31.035037994384766;31.408967971801758;30.615127563476562;2.557884454727173;12.174885749816895;3.0350379943847656;10.839421272277832
242.03;117.98;34.05253982543945;35.1731071472168;33.405765533447266;5.1900434494018555;25.618240356445312;6.052539825439453;21.616212844848633
253.33;145.78;29.768268585205078;30.322481155395508;29.3857364654541;3.146789312362671;8.294575691223145;1.7682685852050781;6.315244674682617
299.59;136.66;37.0283203125;37.821044921875;36.45690155029297;3.684054374694824;35.07516098022461;9.0283203125;32.24399948120117
277.0;237.26;23.756376266479492;24.015165328979492;23.414894104003906;2.5267794132232666;0.0;-4.243623733520508;15.155799865722656
295.36;191.95;29.510190963745117;29.859153747558594;29.032588958740234;2.8009469509124756;6.639834403991699;1.5101909637451172;5.393538951873779
256.68;144.96;30.28362464904785;30.85646629333496;29.888696670532227;3.1956863403320312;10.201664924621582;2.2836246490478516;8.155802726745605
270.11;224.28;24.19159698486328;24.451826095581055;23.807188034057617;2.6647188663482666;0.0;-3.8084030151367188;13.601438522338867
288.68;197.3;28.318967819213867;28.618139266967773;27.89638900756836;2.5486459732055664;2.2076401710510254;0.3189678192138672;1.13917076587677
287.81;178.42;30.10167694091797;30.47553253173828;29.63202667236328;2.8021888732910156;8.841187477111816;2.1016769409179688;7.505989074707031
286.5;146.93;33.59172439575195;34.17707824707031;33.141082763671875;3.0840795040130615;22.060993194580078;5.591724395751953;19.970443725585938
266.98;184.47;27.2902889251709;27.59943389892578;26.854568481445312;2.7294156551361084;0.0;-0.7097110748291016;2.534682512283325
254.26;184.62;25.93003273010254;26.21536636352539;25.537109375;2.615719795227051;0.0;-2.069967269897461;7.392740249633789
260.54;182.9;26.767536163330078;27.115497589111328;26.308414459228516;3.0151567459106445;0.0;-1.2324638366699219;4.401656627655029
258.28;203.52;24.722036361694336;24.9848575592041;24.357263565063477;2.5386013984680176;0.0;-3.277963638305664;11.707013130187988
246.07;225.62;21.896045684814453;22.128761291503906;21.574419021606445;2.531700372695923;0.0;-6.103954315185547;21.799837112426758
246.57;160.49;27.289806365966797;27.656099319458008;26.938600540161133;2.6291823387145996;0.0;-0.7101936340332031;2.5364058017730713
277.78;114.67;40.433868408203125;41.92790603637695;39.59361267089844;5.773114204406738;49.742523193359375;12.433868408203125;44.406673431396484
296.31;204.12;28.43164825439453;28.725257873535156;28.004825592041016;2.533909797668457;2.5902066230773926;0.43164825439453125;1.5416009426116943
262.64;166.64;28.498943328857422;28.82884407043457;28.12470054626465;2.4707705974578857;2.9601573944091797;0.4989433288574219;1.7819404602050781
